종목코드,종목명,시장구분,업종명,종가,대비,등락률,시가총액
060310,3S,KOSDAQ,의료·정밀기기,1842,13,0.71,97734751680
054620,APS,KOSDAQ,금융,6380,-20,-0.31,126925129980
265520,AP시스템,KOSDAQ,기계·장비,17850,1110,6.63,272773364850
211270,AP위성,KOSDAQ,운송장비·부품,13050,120,0.93,196824067200
109960,AP헬스케어,KOSDAQ,유통,479,36,8.13,96178059851
139050,BF랩스,KOSDAQ,IT 서비스,2805,0,0.00,24247965555
126600,BGF에코머티리얼즈,KOSDAQ,화학,2775,0,0.00,174178144725
013720,CBI,KOSDAQ,운송장비·부품,766,13,1.73,34185152176
083790,CG인바이츠,KOSDAQ,일반서비스,2350,0,0.00,180701327700
035760,CJ ENM,KOSDAQ,오락·문화,55300,500,0.91,1212682216200
311690,CJ 바이오사이언스,KOSDAQ,일반서비스,11430,30,0.26,149338230660
051500,CJ프레시웨이,KOSDAQ,유통,20100,350,1.77,238618878600
058820,CMG제약,KOSDAQ,제약,1840,42,2.34,255561728960
023460,CNH,KOSDAQ,금융,109,0,0.00,4054800000
056730,CNT85,KOSDAQ,건설,669,0,0.00,49580383434
065770,CS,KOSDAQ,전기·전자,1973,163,9.01,38298159490
083660,CSA 코스믹,KOSDAQ,화학,660,0,0.00,40423139460
456440,DB금융스팩11호,KOSDAQ,금융,2270,80,3.65,12065050000
477760,DB금융스팩12호,KOSDAQ,금융,2060,5,0.24,12030400000
099520,DGI,KOSDAQ,전기·전자,1284,0,0.00,58141862016
060900,DGP,KOSDAQ,전기·가스·수도,876,6,0.69,22126208604
290120,DH오토리드,KOSDAQ,운송장비·부품,2335,-65,-2.71,36227847230
025440,DH오토웨어,KOSDAQ,전기·전자,695,0,0.00,33902950680
068790,DMS,KOSDAQ,기계·장비,6530,80,1.24,156635913190
241520,DSC인베스트먼트,KOSDAQ,금융,5570,880,18.76,153153416250
180400,DXVX,KOSDAQ,일반서비스,1837,-44,-2.34,90416096584
245620,EDGC,KOSDAQ,일반서비스,415,0,0.00,57474989665
037370,EG,KOSDAQ,화학,6150,160,2.67,53043577800
050120,ES큐브,KOSDAQ,유통,2240,60,2.75,30383552640
214270,FSN,KOSDAQ,IT 서비스,1325,28,2.16,44056863475
130500,GH신소재,KOSDAQ,섬유·의류,2640,0,0.00,38398937280
900290,GRT,KOSDAQ,금융,3595,20,0.56,290655750000
083450,GST,KOSDAQ,기계·장비,21550,500,2.38,397166500000
297890,HB솔루션,KOSDAQ,기계·장비,2815,95,3.49,205891672910
440290,HB인베스트먼트,KOSDAQ,금융,1732,10,0.58,46949341320
078150,HB테크놀러지,KOSDAQ,기계·장비,2415,0,0.00,223908937140
195940,HK이노엔,KOSDAQ,제약,36400,-50,-0.14,1031208032400
028300,HLB,KOSDAQ,제약,72000,-2200,-2.96,9459895176000
278650,HLB바이오스텝,KOSDAQ,일반서비스,2170,-20,-0.91,188205378130
067630,HLB생명과학,KOSDAQ,제약,8960,-130,-1.43,1092129454080
024850,HLB이노베이션,KOSDAQ,전기·전자,2470,15,0.61,356431183810
187420,HLB제넥스,KOSDAQ,제약,4070,90,2.26,118583039740
047920,HLB제약,KOSDAQ,일반서비스,24700,-450,-1.79,785830351800
115450,HLB테라퓨틱스,KOSDAQ,유통,7990,-90,-1.11,672217244790
046210,HLB파나진,KOSDAQ,제약,2585,5,0.19,112854864980
403870,HPSP,KOSDAQ,기계·장비,27950,700,2.57,2333784975600
036640,HRS,KOSDAQ,화학,4950,-5,-0.10,80956260000
439730,IBKS제20호스팩,KOSDAQ,금융,2110,0,0.00,9094100000
442770,IBKS제21호스팩,KOSDAQ,금융,2155,0,0.00,9072550000
448760,IBKS제22호스팩,KOSDAQ,금융,2225,0,0.00,9856750000
467930,IBKS제23호스팩,KOSDAQ,금융,2120,-15,-0.70,8967600000
469480,IBKS제24호스팩,KOSDAQ,금융,2120,0,0.00,8967600000
095340,ISC,KOSDAQ,유통,61700,1900,3.18,1307858478600
950170,JTC,KOSDAQ,유통,5120,20,0.39,264941301760
067290,JW신약,KOSDAQ,제약,1423,19,1.35,75954227298
035900,JYP Ent.,KOSDAQ,오락·문화,69800,-900,-1.27,2480167941600
318000,KBG,KOSDAQ,화학,4910,15,0.31,42914494930
024840,KBI메탈,KOSDAQ,금속,2120,55,2.66,74007501880
024120,KB오토시스,KOSDAQ,운송장비·부품,3150,30,0.96,36225000000
455250,KB제25호스팩,KOSDAQ,금융,2100,-20,-0.94,9040500000
458320,KB제26호스팩,KOSDAQ,금융,3020,0,0.00,16625100000
464680,KB제27호스팩,KOSDAQ,금융,1990,-2,-0.10,25680950000
476470,KB제28호스팩,KOSDAQ,금융,2095,0,0.00,11532975000
478390,KB제29호스팩,KOSDAQ,금융,2045,-5,-0.24,12719900000
486630,KB제30호스팩,KOSDAQ,금융,2010,0,0.00,10673100000
492220,KB제31호스팩,KOSDAQ,금융,1998,-1,-0.05,12407580000
021320,KCC건설,KOSDAQ,건설,4045,90,2.28,86563000000
036670,KCI,KOSDAQ,화학,6370,-20,-0.31,71789900000
044180,KD,KOSDAQ,건설,443,18,4.24,11835984957
046440,KG모빌리언스,KOSDAQ,IT 서비스,4210,15,0.36,160025476420
151860,KG에코솔루션,KOSDAQ,화학,5180,30,0.58,254353550360
035600,KG이니시스,KOSDAQ,IT 서비스,8530,-20,-0.23,238024822020
226360,KH 건설,KOSDAQ,건설,2555,0,0.00,60698450260
111870,KH 미래물산,KOSDAQ,전기·전자,8910,0,0.00,43928518590
060720,KH바텍,KOSDAQ,전기·전자,9430,40,0.43,223278278060
058400,KNN,KOSDAQ,오락·문화,775,-1,-0.13,102633033000
101000,KS인더스트리,KOSDAQ,기계·장비,2210,50,2.31,67730159510
122450,KX,KOSDAQ,오락·문화,3670,70,1.94,166382987880
052900,KX하이텍,KOSDAQ,화학,966,9,0.94,53233861422
061970,LB세미콘,KOSDAQ,전기·전자,3745,105,2.88,217520857470
309960,LB인베스트먼트,KOSDAQ,금융,3675,85,2.37,85323353325
225190,LK삼양,KOSDAQ,의료·정밀기기,2175,-45,-2.03,110377857000
060370,LS마린솔루션,KOSDAQ,건설,16770,810,5.08,547856681580
417200,LS머트리얼즈,KOSDAQ,전기·전자,11920,960,8.76,806419695280
078020,LS증권,KOSDAQ,금융,3810,20,0.53,211383333900
476080,M83,KOSDAQ,오락·문화,17300,-200,-1.14,134680500000
086960,MDS테크,KOSDAQ,IT 서비스,1197,2,0.17,111107680236
038340,MIT,KOSDAQ,전기·전자,1233,0,0.00,39979891836
160550,NEW,KOSDAQ,오락·문화,2075,5,0.24,57905169950
053290,NE능률,KOSDAQ,오락·문화,4910,-50,-1.01,81144167370
060250,NHN KCP,KOSDAQ,금융,8010,180,2.30,321686494110
104200,NHN벅스,KOSDAQ,IT 서비스,3165,35,1.12,46929195750
222160,NPX,KOSDAQ,기계·장비,8040,0,0.00,79551289560
024940,PN풍년,KOSDAQ,유통,6900,-20,-0.29,69000000000
218410,RFHIC,KOSDAQ,전기·전자,15820,0,0.00,418983872440
327260,RF머트리얼즈,KOSDAQ,전기·전자,6430,410,6.81,54225675330
474610,RF시스템즈,KOSDAQ,금속,5620,-30,-0.53,72637730060
091340,S&K폴리텍,KOSDAQ,전기·전자,2895,75,2.66,33882272295
419530,SAMG엔터,KOSDAQ,오락·문화,28850,-2050,-6.63,247848330500
019550,SBI인베스트먼트,KOSDAQ,금융,696,6,0.87,112798336200
950110,SBI핀테크솔루션즈,KOSDAQ,IT 서비스,4910,0,0.00,118097971400
036120,SCI평가정보,KOSDAQ,IT 서비스,2165,0,0.00,76857500000
246960,SCL사이언스,KOSDAQ,제약,8250,0,0.00,60088058250
099220,SDN,KOSDAQ,유통,1073,2,0.19,60272353203
036540,SFA반도체,KOSDAQ,전기·전자,3135,65,2.12,515583049905
255220,SG,KOSDAQ,비금속,2575,-35,-1.34,253314278275
040610,SG&G,KOSDAQ,운송·창고,1544,1,0.06,52630630624
049470,SGA,KOSDAQ,IT 서비스,294,4,1.38,17305501206
184230,SGA솔루션즈,KOSDAQ,IT 서비스,450,1,0.22,28169622450
016250,SGC E&C,KOSDAQ,건설,14130,-40,-0.28,45831856050
357880,SKAI,KOSDAQ,IT 서비스,2070,-40,-1.90,70220005560
048550,SM C&C,KOSDAQ,일반서비스,1425,16,1.14,137818333500
063440,SM Life Design,KOSDAQ,출판·매체복제,1331,6,0.45,61264803974
067160,SOOP,KOSDAQ,IT 서비스,84300,900,1.08,969008858100
289080,SV인베스트먼트,KOSDAQ,금융,1351,40,3.05,72782551345
089230,THE E&M,KOSDAQ,IT 서비스,776,-15,-1.90,16981171528
032540,TJ미디어,KOSDAQ,전기·전자,4695,10,0.21,65408904255
022220,TKG애강,KOSDAQ,화학,906,5,0.55,46925888574
048770,TPC,KOSDAQ,기계·장비,2110,55,2.68,33122761010
246690,TS인베스트먼트,KOSDAQ,금융,1218,80,7.03,50520035916
317240,TS트릴리온,KOSDAQ,화학,280,-11,-3.78,30027458160
057030,YBM넷,KOSDAQ,일반서비스,3800,50,1.33,61988248600
040300,YTN,KOSDAQ,오락·문화,3245,110,3.51,136290000000
051390,YW,KOSDAQ,유통,3645,0,0.00,41390316360
052220,iMBC,KOSDAQ,오락·문화,4440,260,6.22,102120000000
079940,가비아,KOSDAQ,IT 서비스,15010,-10,-0.07,203170616840
078890,가온그룹,KOSDAQ,전기·전자,3065,15,0.49,53931056505
399720,가온칩스,KOSDAQ,전기·전자,49350,2250,4.78,572327742000
036620,감성코퍼레이션,KOSDAQ,유통,3425,-70,-2.00,318204961150
198440,강동씨앤엘,KOSDAQ,비금속,1256,-1,-0.08,76530461376
217730,강스템바이오텍,KOSDAQ,제약,2260,40,1.80,126682376740
114190,강원에너지,KOSDAQ,전기·전자,7870,-20,-0.25,205588309060
094480,갤럭시아머니트리,KOSDAQ,IT 서비스,8190,80,0.99,321292373220
039240,경남스틸,KOSDAQ,금속,4755,15,0.32,128288017020
053950,경남제약,KOSDAQ,제약,644,3,0.47,50326898552
011040,경동제약,KOSDAQ,제약,5700,10,0.18,175381966200
024910,경창산업,KOSDAQ,운송장비·부품,1808,12,0.67,64760761040
049720,고려신용정보,KOSDAQ,일반서비스,9620,-10,-0.10,137566000000
014570,고려제약,KOSDAQ,제약,4800,0,0.00,52800000000
348150,고바이오랩,KOSDAQ,일반서비스,4725,35,0.75,91541441250
950190,고스트스튜디오,KOSDAQ,IT 서비스,7750,-70,-0.90,105244163000
098460,고영,KOSDAQ,기계·장비,17160,720,4.38,1178115595800
035290,골드앤에스,KOSDAQ,오락·문화,389,7,1.83,18546150720
215000,골프존,KOSDAQ,IT 서비스,60500,300,0.50,379662607500
121440,골프존뉴딘홀딩스,KOSDAQ,유통,4000,460,12.99,171347272000
366030,공구우먼,KOSDAQ,섬유·의류,4495,65,1.47,101829055750
014200,광림,KOSDAQ,운송장비·부품,30200,0,0.00,91311391200
029480,광무,KOSDAQ,전기·전자,2280,50,2.24,125465255880
026910,광진실업,KOSDAQ,금속,1923,17,0.89,12317593815
440790,교보13호스팩,KOSDAQ,금융,2155,10,0.47,8727750000
456490,교보14호스팩,KOSDAQ,금융,2125,0,0.00,8925000000
465320,교보15호스팩,KOSDAQ,금융,2095,0,0.00,7981950000
482520,교보16호스팩,KOSDAQ,금융,2015,-10,-0.49,12291500000
489210,교보17호스팩,KOSDAQ,금융,1997,-3,-0.15,10344460000
053270,구영테크,KOSDAQ,운송장비·부품,2230,20,0.90,61125203150
066620,국보디자인,KOSDAQ,건설,17060,60,0.35,127950000000
043650,국순당,KOSDAQ,음식료·담배,4525,-30,-0.66,80808825600
006050,국영지앤엠,KOSDAQ,비금속,1629,11,0.68,56844350847
060480,국일신동,KOSDAQ,금속,1714,7,0.41,19008260000
078130,국일제지,KOSDAQ,종이·목재,800,0,0.00,901924696800
307750,국전약품,KOSDAQ,제약,3325,40,1.22,163155319425
035080,그래디언트,KOSDAQ,유통,13870,-50,-0.36,189694414260
453450,그리드위즈,KOSDAQ,일반서비스,15570,30,0.19,123668617500
204020,그리티,KOSDAQ,섬유·의류,2855,5,0.18,57520912650
402490,그린리소스,KOSDAQ,전기·전자,16970,40,0.24,140273069680
114450,그린생명과학,KOSDAQ,제약,1675,14,0.84,33500000000
186230,그린플러스,KOSDAQ,금속,7460,-320,-4.11,80718602480
900070,글로벌에스엠,KOSDAQ,금융,376,5,1.35,20207731968
204620,글로벌텍스프리,KOSDAQ,금융,4355,0,0.00,306083902150
019660,글로본,KOSDAQ,유통,1245,30,2.47,43314478770
053260,금강철강,KOSDAQ,금속,4120,-60,-1.44,77126400000
282720,금양그린파워,KOSDAQ,건설,8700,-20,-0.23,105439650000
036190,금화피에스시,KOSDAQ,건설,25350,250,1.00,152100000000
049080,기가레인,KOSDAQ,전기·전자,498,-6,-1.19,42271906806
420770,기가비스,KOSDAQ,기계·장비,29500,750,2.61,373934861000
035460,기산텔레콤,KOSDAQ,전기·전자,2000,12,0.60,29154680000
308100,까스텔바작,KOSDAQ,유통,2700,-45,-1.64,17886779100
407400,꿈비,KOSDAQ,기타제조,8420,420,5.25,104365479000
187790,나노,KOSDAQ,화학,1025,0,0.00,31611850750
286750,나노브릭,KOSDAQ,화학,2510,5,0.20,53999033090
121600,나노신소재,KOSDAQ,화학,70100,1300,1.89,854945067800
247660,나노씨엠에스,KOSDAQ,전기·전자,5850,-50,-0.85,25411932000
039860,나노엔텍,KOSDAQ,의료·정밀기기,3450,15,0.44,110779782900
091970,나노캠텍,KOSDAQ,화학,534,1,0.19,19980941262
417010,나노팀,KOSDAQ,기계·장비,7000,200,2.94,138070296000
405920,나라셀라,KOSDAQ,유통,2730,150,5.81,35157147480
051490,나라엠앤디,KOSDAQ,기계·장비,4115,30,0.73,58433000000
137080,나래나노텍,KOSDAQ,기계·장비,3090,45,1.48,34173613980
190510,나무가,KOSDAQ,전기·전자,12410,10,0.08,192029820770
242040,나무기술,KOSDAQ,IT 서비스,1358,-8,-0.59,46995306512
089600,나스미디어,KOSDAQ,일반서비스,14540,-40,-0.27,168201090020
293580,나우IB,KOSDAQ,금융,1128,12,1.08,107080983600
138610,나이벡,KOSDAQ,제약,14510,250,1.75,158059127670
130580,나이스디앤비,KOSDAQ,일반서비스,4730,105,2.27,72842000000
036800,나이스정보통신,KOSDAQ,통신,17540,150,0.86,175400000000
267320,나인테크,KOSDAQ,기계·장비,3115,55,1.80,138072032350
111710,남화산업,KOSDAQ,오락·문화,5020,0,0.00,103351760000
091590,남화토건,KOSDAQ,건설,3890,25,0.65,45668600000
168330,내츄럴엔도텍,KOSDAQ,일반서비스,1398,-1,-0.07,44393350200
094860,네오리진,KOSDAQ,IT 서비스,968,56,6.14,20714782792
253590,네오셈,KOSDAQ,기계·장비,11030,230,2.13,483876878920
212560,네오오토,KOSDAQ,운송장비·부품,8250,70,0.86,64968444750
095660,네오위즈,KOSDAQ,IT 서비스,20800,0,0.00,454621772800
042420,네오위즈홀딩스,KOSDAQ,IT 서비스,18090,790,4.57,155462674140
950220,네오이뮨텍,KOSDAQ,일반서비스,1081,19,1.79,106875729665
311390,네오크레마,KOSDAQ,음식료·담배,7190,190,2.71,90980742910
085910,네오티스,KOSDAQ,운송장비·부품,3035,10,0.33,42292172630
092730,네오팜,KOSDAQ,화학,11790,190,1.64,188969990310
290660,네오펙트,KOSDAQ,의료·정밀기기,787,10,1.29,36266061013
306620,네온테크,KOSDAQ,기계·장비,2450,25,1.03,106486483950
153460,네이블,KOSDAQ,IT 서비스,7100,300,4.41,46363099400
007390,네이처셀,KOSDAQ,제약,15770,190,1.22,1014912350120
033640,네패스,KOSDAQ,전기·전자,7250,300,4.32,167179214500
330860,네패스아크,KOSDAQ,일반서비스,12150,460,3.93,148036146750
089140,넥스턴바이오,KOSDAQ,기계·장비,2435,-15,-0.61,30525756575
389650,넥스트바이오메디컬,KOSDAQ,의료·정밀기기,45600,1400,3.17,368821281600
137940,넥스트아이,KOSDAQ,의료·정밀기기,422,2,0.48,33051458624
396270,넥스트칩,KOSDAQ,전기·전자,8240,80,0.98,149052865600
348210,넥스틴,KOSDAQ,기계·장비,57200,6200,12.16,598154700000
225570,넥슨게임즈,KOSDAQ,IT 서비스,12220,210,1.75,804811326280
205500,넥써쓰,KOSDAQ,IT 서비스,2945,90,3.15,171451123555
217270,넵튠,KOSDAQ,IT 서비스,7560,-150,-1.95,352871694000
104620,노랑풍선,KOSDAQ,일반서비스,4830,-10,-0.21,76517468580
473980,노머스,KOSDAQ,오락·문화,19990,-610,-2.96,217243663830
194700,노바렉스,KOSDAQ,음식료·담배,8750,100,1.16,164104920000
285490,노바텍,KOSDAQ,기타제조,15540,700,4.72,164348413740
145170,노브랜드,KOSDAQ,섬유·의류,6520,-70,-1.06,110242800600
106520,노블엠앤비,KOSDAQ,의료·정밀기기,411,0,0.00,15904036272
376930,노을,KOSDAQ,의료·정밀기기,2550,40,1.59,94215003000
142280,녹십자엠에스,KOSDAQ,제약,3965,105,2.72,86206736590
234690,녹십자웰빙,KOSDAQ,제약,8700,230,2.72,154444801200
054050,농우바이오,KOSDAQ,농업, 임업 및 어업,7460,20,0.27,119587985060
069140,누리플랜,KOSDAQ,금속,1322,7,0.53,17321826246
040160,누리플렉스,KOSDAQ,IT 서비스,2610,-25,-0.95,31464946350
332290,누보,KOSDAQ,화학,1005,-1,-0.10,33551727015
348340,뉴로메카,KOSDAQ,기계·장비,29400,-500,-1.67,327846720600
060260,뉴보텍,KOSDAQ,화학,1126,-9,-0.79,15214522134
123840,뉴온,KOSDAQ,기계·장비,1110,-52,-4.48,41241280770
012340,뉴인텍,KOSDAQ,운송장비·부품,494,-1,-0.20,25148138028
270870,뉴트리,KOSDAQ,음식료·담배,5620,50,0.90,51705258880
144960,뉴파워프라즈마,KOSDAQ,기계·장비,4920,115,2.39,214967710080
085670,뉴프렉스,KOSDAQ,전기·전자,4785,5,0.10,116996891385
064260,다날,KOSDAQ,IT 서비스,2890,-20,-0.69,199262725600
340360,다보링크,KOSDAQ,전기·전자,1353,-139,-9.32,59466932877
039560,다산네트웍스,KOSDAQ,전기·전자,3485,15,0.43,138054723785
154040,다산솔루에타,KOSDAQ,전기·전자,1014,9,0.90,18201395316
032190,다우데이타,KOSDAQ,유통,10840,-10,-0.09,415172000000
323350,다원넥스뷰,KOSDAQ,의료·정밀기기,6470,-20,-0.31,51829694840
068240,다원시스,KOSDAQ,전기·전자,10000,190,1.94,381634370000
464580,닷밀,KOSDAQ,오락·문화,5810,100,1.75,53149577880
020400,대동금속,KOSDAQ,금속,6860,80,1.18,21877678760
008830,대동기어,KOSDAQ,기계·장비,22100,-450,-2.00,198624192000
048470,대동스틸,KOSDAQ,유통,4900,620,14.49,49000000000
004780,대륙제관,KOSDAQ,금속,3800,0,0.00,60432156200
017650,대림제지,KOSDAQ,종이·목재,6550,160,2.50,58950000000
007720,대명소노시즌,KOSDAQ,유통,904,-2,-0.22,91123606800
389260,대명에너지,KOSDAQ,건설,12260,190,1.57,209033000000
317850,대모,KOSDAQ,기계·장비,9080,-10,-0.11,75585733600
290670,대보마그네틱,KOSDAQ,전기·전자,12260,90,0.74,96334911600
078140,대봉엘에스,KOSDAQ,제약,16300,-270,-1.63,180711237700
065150,대산F&B,KOSDAQ,유통,145,0,0.00,23110448725
036480,대성미생물,KOSDAQ,제약,9230,430,4.89,35074000000
027830,대성창투,KOSDAQ,금융,1824,69,3.93,98496000000
104040,대성파인텍,KOSDAQ,운송장비·부품,817,1,0.12,38582814379
129920,대성하이텍,KOSDAQ,기계·장비,3730,50,1.36,51157147690
442310,대신밸런스제14호스팩,KOSDAQ,금융,2125,-5,-0.23,14258750000
457390,대신밸런스제15호스팩,KOSDAQ,금융,2730,30,1.11,19205550000
457630,대신밸런스제16호스팩,KOSDAQ,금융,2095,0,0.00,15314450000
471050,대신밸런스제17호스팩,KOSDAQ,금융,2110,-10,-0.47,12786600000
478780,대신밸런스제18호스팩,KOSDAQ,금융,2080,5,0.24,16452800000
482690,대신밸런스제19호스팩,KOSDAQ,금융,2045,0,0.00,11482675000
020180,대신정보통신,KOSDAQ,IT 서비스,1095,3,0.27,42079661925
045390,대아티아이,KOSDAQ,전기·전자,3250,80,2.52,229038475250
108380,대양전기공업,KOSDAQ,운송장비·부품,18510,-230,-1.23,177091333830
007680,대원,KOSDAQ,건설,4035,-35,-0.86,54256522590
048910,대원미디어,KOSDAQ,유통,10110,-190,-1.84,127173144060
005710,대원산업,KOSDAQ,운송장비·부품,7340,-20,-0.27,147075984000
290380,대유,KOSDAQ,화학,2300,0,0.00,56841307600
120240,대정화금,KOSDAQ,화학,12870,-10,-0.08,92540332170
003310,대주산업,KOSDAQ,음식료·담배,1729,24,1.41,61193373150
078600,대주전자재료,KOSDAQ,전기·전자,98800,-300,-0.30,1529482588400
393970,대진첨단소재,KOSDAQ,화학,13190,30,0.23,195170055800
096350,대창솔루션,KOSDAQ,금속,336,-4,-1.18,55023699024
140520,대창스틸,KOSDAQ,금속,2080,-5,-0.24,43907225440
131220,대한과학,KOSDAQ,유통,4300,20,0.47,32054307000
010170,대한광통신,KOSDAQ,전기·전자,620,19,3.16,67896922920
054670,대한뉴팜,KOSDAQ,제약,7100,40,0.57,101919932000
023910,대한약품,KOSDAQ,제약,25250,100,0.40,151500000000
021040,대호특수강,KOSDAQ,금속,903,2,0.22,19599410922
021045,대호특수강우,KOSDAQ,금속,2675,-5,-0.19,2269716100
067080,대화제약,KOSDAQ,제약,14800,-70,-0.47,275526420000
298540,더네이쳐홀딩스,KOSDAQ,섬유·의류,9100,30,0.33,134369289600
032860,더라미,KOSDAQ,일반서비스,1300,10,0.78,52514621900
393890,더블유씨피,KOSDAQ,전기·전자,8800,-10,-0.11,297819667200
299170,더블유에스아이,KOSDAQ,유통,1740,28,1.64,52248655620
224060,더코디,KOSDAQ,기계·장비,3015,-60,-1.95,15559576830
043090,더테크놀로지,KOSDAQ,유통,469,-47,-9.11,5824170975
213420,덕산네오룩스,KOSDAQ,전기·전자,28800,-500,-1.71,715137955200
317330,덕산테코피아,KOSDAQ,화학,25250,-850,-3.26,517033746000
077360,덕산하이메탈,KOSDAQ,전기·전자,4180,175,4.37,189926668360
090410,덕신이피씨,KOSDAQ,금속,1512,23,1.54,69679151640
263600,덕우전자,KOSDAQ,전기·전자,4930,15,0.31,78536428300
194480,데브시스터즈,KOSDAQ,IT 서비스,33500,-1050,-3.04,403445525000
373160,데이원컴퍼니,KOSDAQ,일반서비스,6700,10,0.15,91156340800
263800,데이타솔루션,KOSDAQ,유통,4505,55,1.24,73068306900
206560,덱스터,KOSDAQ,오락·문화,6500,0,0.00,165176284000
261200,덴티스,KOSDAQ,의료·정밀기기,6680,140,2.14,105608796000
067990,도이치모터스,KOSDAQ,유통,4375,5,0.11,127669281250
006620,동구바이오제약,KOSDAQ,제약,4905,135,2.83,139620785760
100130,동국S&C,KOSDAQ,금속,2075,5,0.24,118571725000
005160,동국산업,KOSDAQ,금속,4240,35,0.83,229996603680
303810,동국생명과학,KOSDAQ,제약,10160,-90,-0.88,162479431200
075970,동국알앤에스,KOSDAQ,비금속,2545,-10,-0.39,46828000000
086450,동국제약,KOSDAQ,제약,15170,30,0.20,674458200000
240550,동방메디컬,KOSDAQ,의료·정밀기기,10550,-130,-1.22,217192217000
099410,동방선기,KOSDAQ,운송장비·부품,3580,205,6.07,50120000000
033500,동성화인텍,KOSDAQ,화학,24750,950,3.99,742239976500
025950,동신건설,KOSDAQ,건설,54000,3800,7.57,453600000000
088130,동아엘텍,KOSDAQ,기계·장비,3065,15,0.49,53592487410
041930,동아화성,KOSDAQ,화학,5370,30,0.56,84846000000
060380,동양에스텍,KOSDAQ,금속,1410,18,1.29,27777000000
079960,동양이엔피,KOSDAQ,전기·전자,20400,1270,6.64,160344000000
228340,동양파일,KOSDAQ,비금속,1758,-1,-0.06,35160000000
088910,동우팜투테이블,KOSDAQ,음식료·담배,1992,-3,-0.15,51456873888
094170,동운아나텍,KOSDAQ,전기·전자,22350,200,0.90,426152098800
013120,동원개발,KOSDAQ,건설,2325,45,1.97,211128832500
109860,동일금속,KOSDAQ,금속,8170,130,1.62,74347000000
032960,동일기연,KOSDAQ,전기·전자,10320,30,0.29,41138853360
023790,동일스틸럭스,KOSDAQ,금속,1170,1,0.09,24778153530
005290,동진쎄미켐,KOSDAQ,화학,30700,2200,7.72,1578424965800
025900,동화기업,KOSDAQ,종이·목재,10060,390,4.03,508606287100
131970,두산테스나,KOSDAQ,일반서비스,30300,2650,9.58,585615311400
073190,듀오백,KOSDAQ,기타제조,2660,-1140,-30.00,31834986400
176750,듀켐바이오,KOSDAQ,제약,12300,1020,9.04,349999206000
030350,드래곤플라이,KOSDAQ,IT 서비스,1327,27,2.08,18415832638
203650,드림시큐리티,KOSDAQ,IT 서비스,3315,5,0.15,167758074510
223250,드림씨아이에스,KOSDAQ,일반서비스,2910,40,1.39,69256032840
060570,드림어스컴퍼니,KOSDAQ,오락·문화,1796,-154,-7.90,135816345108
362990,드림인사이트,KOSDAQ,일반서비스,2180,45,2.11,36625251320
016670,디모아,KOSDAQ,유통,3895,-120,-2.99,19248490170
187870,디바이스이엔지,KOSDAQ,기계·장비,11050,60,0.55,77754529450
489730,디비금융제13호스팩,KOSDAQ,금융,1990,-7,-0.35,12600680000
110990,디아이티,KOSDAQ,기계·장비,14710,910,6.59,278019000000
263690,디알젬,KOSDAQ,의료·정밀기기,5530,0,0.00,62630623300
214680,디알텍,KOSDAQ,의료·정밀기기,1984,17,0.86,146846263936
347850,디앤디파마텍,KOSDAQ,일반서비스,51400,800,1.58,543198746600
263720,디앤씨미디어,KOSDAQ,오락·문화,17690,0,0.00,221557927370
376300,디어유,KOSDAQ,IT 서비스,38600,1100,2.93,916302471600
109740,디에스케이,KOSDAQ,기계·장비,4155,205,5.19,106826670450
031860,디에이치엑스컴퍼니,KOSDAQ,유통,852,-4,-0.47,14630561892
196490,디에이테크놀로지,KOSDAQ,기계·장비,203,0,0.00,36245520080
066900,디에이피,KOSDAQ,전기·전자,1997,6,0.30,45420772491
127120,디엔에이링크,KOSDAQ,일반서비스,6100,100,1.67,140023371100
092070,디엔에프,KOSDAQ,화학,10230,430,4.39,118380107340
039840,디오,KOSDAQ,의료·정밀기기,15660,60,0.38,234614283300
219550,디와이디,KOSDAQ,유통,647,-59,-8.36,80764467814
310870,디와이씨,KOSDAQ,운송장비·부품,1515,4,0.26,31341215565
104460,디와이피엔에프,KOSDAQ,기계·장비,14710,-60,-0.41,157597423750
079810,디이엔티,KOSDAQ,기계·장비,5990,170,2.92,131948283060
113810,디젠스,KOSDAQ,운송장비·부품,1950,70,3.72,63624699450
043360,디지아이,KOSDAQ,전기·전자,1761,9,0.51,15849000000
197140,디지캡,KOSDAQ,IT 서비스,2370,-20,-0.84,30841174980
068930,디지털대성,KOSDAQ,일반서비스,7220,50,0.70,199815969240
033130,디지틀조선,KOSDAQ,IT 서비스,1706,14,0.83,63318645502
105740,디케이락,KOSDAQ,기계·장비,8270,100,1.22,84093602510
263020,디케이앤디,KOSDAQ,화학,3135,15,0.48,45456970185
290550,디케이티,KOSDAQ,전기·전자,7900,150,1.94,158009717000
066670,디티씨,KOSDAQ,전기·전자,3000,125,4.35,56075754000
187220,디티앤씨,KOSDAQ,일반서비스,3020,25,0.83,35328023420
383930,디티앤씨알오,KOSDAQ,일반서비스,6400,90,1.43,81731276800
131180,딜리,KOSDAQ,전기·전자,879,2,0.23,25798650000
315640,딥노이드,KOSDAQ,IT 서비스,6810,310,4.77,152688835080
223310,딥마인드,KOSDAQ,유통,2325,0,0.00,53101546875
317120,라닉스,KOSDAQ,전기·전자,2955,20,0.68,28545300000
462510,라메디텍,KOSDAQ,의료·정밀기기,8210,180,2.24,71022534350
042510,라온시큐어,KOSDAQ,IT 서비스,1998,18,0.91,111939690258
232680,라온테크,KOSDAQ,기계·장비,9440,50,0.53,118323168960
418420,라온텍,KOSDAQ,전기·전자,2760,-30,-1.08,83099275080
300120,라온피플,KOSDAQ,IT 서비스,4220,75,1.81,88029250640
171120,라이온켐텍,KOSDAQ,화학,2320,10,0.43,83292083200
388790,라이콤,KOSDAQ,전기·전자,2540,0,0.00,75981382200
347700,라이프시맨틱스,KOSDAQ,IT 서비스,7830,520,7.11,172573301790
214260,라파스,KOSDAQ,화학,16140,-270,-1.65,144008552820
171010,램테크놀러지,KOSDAQ,화학,4485,65,1.47,64129902720
084650,랩지노믹스,KOSDAQ,일반서비스,2420,15,0.62,179660775800
217500,러셀,KOSDAQ,기계·장비,1730,3,0.17,55034760000
038390,레드캡투어,KOSDAQ,일반서비스,9890,-270,-2.66,165368929580
294140,레몬,KOSDAQ,화학,3425,-45,-1.30,71925000000
443250,레뷰코퍼레이션,KOSDAQ,일반서비스,13440,10,0.07,149389094400
228670,레이,KOSDAQ,의료·정밀기기,7900,70,0.89,122553118700
228850,레이언스,KOSDAQ,의료·정밀기기,6410,-40,-0.62,106348399740
412350,레이저쎌,KOSDAQ,기계·장비,3730,35,0.95,32551605560
199550,레이저옵텍,KOSDAQ,의료·정밀기기,9960,-60,-0.60,119966118360
281740,레이크머티리얼즈,KOSDAQ,화학,15700,770,5.16,1031969603600
277810,레인보우로보틱스,KOSDAQ,기계·장비,317500,10500,3.42,6159454915000
215100,로보로보,KOSDAQ,전기·전자,4045,100,2.53,82309496430
090360,로보스타,KOSDAQ,기계·장비,25250,800,3.27,246187500000
108490,로보티즈,KOSDAQ,기계·장비,37250,650,1.78,491979747500
900260,로스웰,KOSDAQ,금융,583,7,1.22,21006240904
067730,로지시스,KOSDAQ,IT 서비스,2960,0,0.00,28634809120
071280,로체시스템즈,KOSDAQ,기계·장비,17210,510,3.05,263254537630
328130,루닛,KOSDAQ,IT 서비스,55000,2600,4.96,1594738200000
038060,루멘스,KOSDAQ,전기·전자,914,-7,-0.76,43966205066
474170,루미르,KOSDAQ,운송장비·부품,10000,10,0.10,177276960000
141080,리가켐바이오,KOSDAQ,일반서비스,103300,600,0.58,3781847915400
058470,리노공업,KOSDAQ,전기·전자,217000,9500,4.58,3307594290000
016100,리더스코스메틱,KOSDAQ,종이·목재,2545,5,0.20,48611775230
012700,리드코프,KOSDAQ,유통,3990,40,1.01,105520078650
302550,리메드,KOSDAQ,의료·정밀기기,3085,65,2.15,94518476800
073570,리튬포어스,KOSDAQ,기타제조,828,-157,-15.94,29964903516
377450,리파인,KOSDAQ,IT 서비스,11910,530,4.66,206400300000
277070,린드먼아시아,KOSDAQ,금융,4370,80,1.86,59834040000
042500,링네트,KOSDAQ,IT 서비스,4405,15,0.34,84003940270
193250,링크드,KOSDAQ,전기·전자,455,6,1.34,28812136535
219420,링크제니시스,KOSDAQ,IT 서비스,5730,150,2.69,65720275110
439090,마녀공장,KOSDAQ,화학,19200,30,0.16,314462592000
195500,마니커에프앤지,KOSDAQ,음식료·담배,3290,45,1.39,52567620000
377480,마음AI,KOSDAQ,IT 서비스,18570,720,4.03,124097943270
305090,마이크로디지탈,KOSDAQ,의료·정밀기기,10090,50,0.50,167873989400
098120,마이크로컨텍솔,KOSDAQ,전기·전자,10020,830,9.03,83293915320
424980,마이크로투나노,KOSDAQ,전기·전자,6100,50,0.83,36105229000
038290,마크로젠,KOSDAQ,일반서비스,15720,100,0.64,170426808000
267980,매일유업,KOSDAQ,음식료·담배,34600,350,1.02,271389874800
005990,매일홀딩스,KOSDAQ,음식료·담배,9360,-30,-0.32,128403325440
093520,매커스,KOSDAQ,유통,10050,220,2.24,162439074600
100590,머큐리,KOSDAQ,전기·전자,3450,-5,-0.14,54613579350
067280,멀티캠퍼스,KOSDAQ,일반서비스,32350,150,0.47,191731300650
072870,메가스터디,KOSDAQ,오락·문화,10530,-40,-0.38,125527698270
215200,메가스터디교육,KOSDAQ,일반서비스,37650,50,0.13,405523895550
133750,메가엠디,KOSDAQ,일반서비스,2165,-35,-1.59,50676321705
446540,메가터치,KOSDAQ,전기·전자,4200,410,10.82,87238200000
235980,메드팩토,KOSDAQ,일반서비스,3665,110,3.09,125618318465
041920,메디아나,KOSDAQ,의료·정밀기기,5060,0,0.00,94107008380
014100,메디앙스,KOSDAQ,유통,2400,120,5.26,28320000000
054180,메디콕스,KOSDAQ,운송장비·부품,246,-6,-2.38,20388057618
086900,메디톡스,KOSDAQ,제약,130700,6700,5.40,953913557900
078160,메디포스트,KOSDAQ,제약,8810,790,9.85,301458685850
408920,메쎄이상,KOSDAQ,일반서비스,2130,-40,-1.84,92085129150
021880,메이슨캐피탈,KOSDAQ,금융,249,7,2.89,37893917592
140410,메지온,KOSDAQ,일반서비스,27500,200,0.73,823991767500
241770,메카로,KOSDAQ,전기·전자,9940,-20,-0.20,101314841600
059210,메타바이오메드,KOSDAQ,제약,4380,105,2.46,104517097380
058110,멕아이씨에스,KOSDAQ,의료·정밀기기,1929,24,1.26,30961472370
434480,모니터랩,KOSDAQ,IT 서비스,4355,15,0.35,53363121500
080420,모다이노칩,KOSDAQ,유통,2330,15,0.65,185751379260
417970,모델솔루션,KOSDAQ,기계·장비,11880,180,1.54,75992796000
080160,모두투어,KOSDAQ,일반서비스,9650,60,0.63,182385000000
087260,모바일어플라이언스,KOSDAQ,IT 서비스,1979,-6,-0.30,64422111919
101330,모베이스,KOSDAQ,전기·전자,3170,-60,-1.86,73376081930
012860,모베이스전자,KOSDAQ,운송장비·부품,1492,3,0.20,109264317844
363260,모비데이즈,KOSDAQ,일반서비스,1948,17,0.88,62655022012
348030,모비릭스,KOSDAQ,IT 서비스,4550,15,0.33,43697290000
250060,모비스,KOSDAQ,IT 서비스,2540,0,0.00,81715137560
288980,모아데이타,KOSDAQ,IT 서비스,1088,0,0.00,37597539456
142760,모아라이프플러스,KOSDAQ,일반서비스,1244,7,0.57,46942104884
033200,모아텍,KOSDAQ,전기·전자,2725,35,1.30,39052479125
333050,모코엠시스,KOSDAQ,IT 서비스,1265,-12,-0.94,31135857390
118990,모트렉스,KOSDAQ,운송장비·부품,9560,100,1.06,237680624400
463480,모티브링크,KOSDAQ,전기·전자,11210,60,0.54,138895913180
006920,모헨즈,KOSDAQ,비금속,3090,55,1.81,33742800000
001810,무림SP,KOSDAQ,종이·목재,1426,2,0.14,31568075000
279600,미디어젠,KOSDAQ,IT 서비스,11300,0,0.00,52938025300
095500,미래나노텍,KOSDAQ,화학,8290,120,1.47,257072891710
254490,미래반도체,KOSDAQ,유통,12250,290,2.42,176865500000
218150,미래생명자원,KOSDAQ,음식료·담배,4080,-90,-2.16,83296472160
442900,미래에셋드림스팩1호,KOSDAQ,금융,10220,-10,-0.10,78489600000
100790,미래에셋벤처투자,KOSDAQ,금융,4770,40,0.85,253404504180
446190,미래에셋비전스팩2호,KOSDAQ,금융,2155,0,0.00,10667250000
448830,미래에셋비전스팩3호,KOSDAQ,금융,2140,0,0.00,10528800000
477380,미래에셋비전스팩4호,KOSDAQ,금융,1998,0,0.00,16183800000
477470,미래에셋비전스팩5호,KOSDAQ,금융,2030,-10,-0.49,11124400000
478440,미래에셋비전스팩6호,KOSDAQ,금융,2000,-5,-0.25,13860000000
482680,미래에셋비전스팩7호,KOSDAQ,금융,1979,-5,-0.25,16257485000
049950,미래컴퍼니,KOSDAQ,기계·장비,22350,950,4.44,197079707400
207760,미스터블루,KOSDAQ,IT 서비스,1015,9,0.89,84325979745
059090,미코,KOSDAQ,전기·전자,9890,460,4.88,330491934420
214610,미코바이오메드,KOSDAQ,의료·정밀기기,716,-7,-0.97,36878043968
201490,미투온,KOSDAQ,IT 서비스,1760,2,0.11,53486561920
475460,미트박스,KOSDAQ,IT 서비스,10950,290,2.72,61177923750
452200,민테크,KOSDAQ,의료·정밀기기,4310,105,2.50,95519513000
418470,밀리의서재,KOSDAQ,IT 서비스,13180,-210,-1.57,112020629020
206640,바디텍메드,KOSDAQ,제약,14750,300,2.08,346426760000
018700,바른손,KOSDAQ,유통,836,-6,-0.71,29360116852
035620,바른손이앤에이,KOSDAQ,오락·문화,393,-4,-1.01,29254792275
053030,바이넥스,KOSDAQ,제약,16440,980,6.34,537328050720
301300,바이브컴퍼니,KOSDAQ,IT 서비스,4695,65,1.40,61323230745
064550,바이오니아,KOSDAQ,제약,15250,630,4.31,393606937750
314930,바이오다인,KOSDAQ,의료·정밀기기,13060,-240,-1.80,388719185180
208710,바이오로그디바이스,KOSDAQ,전기·전자,598,-18,-2.92,39408597072
086820,바이오솔루션,KOSDAQ,제약,24850,-1850,-6.93,202861136100
038460,바이오스마트,KOSDAQ,전기·전자,3085,35,1.15,80717291230
251120,바이오에프디엔씨,KOSDAQ,제약,13970,110,0.79,121478929000
199730,바이오인프라,KOSDAQ,일반서비스,5040,-60,-1.18,24516409680
086040,바이오톡스텍,KOSDAQ,일반서비스,3055,0,0.00,48752444585
099430,바이오플러스,KOSDAQ,제약,7230,-10,-0.14,432106076070
032980,바이온,KOSDAQ,유통,302,0,0.00,13522952980
308080,바이젠셀,KOSDAQ,일반서비스,2880,-30,-1.03,55479571200
043150,바텍,KOSDAQ,의료·정밀기기,20750,100,0.48,308225812000
323990,박셀바이오,KOSDAQ,일반서비스,9090,130,1.45,209008188000
267790,배럴,KOSDAQ,섬유·의류,4825,80,1.69,38062012500
046310,백금T&A,KOSDAQ,전기·전자,2355,0,0.00,38665899555
331520,밸로프,KOSDAQ,IT 서비스,880,41,4.89,44760663200
199480,뱅크웨어글로벌,KOSDAQ,IT 서비스,5320,160,3.10,53740714160
438700,버넥트,KOSDAQ,IT 서비스,3580,45,1.27,39898706200
066410,버킷스튜디오,KOSDAQ,통신,1153,0,0.00,99670679144
382900,범한퓨얼셀,KOSDAQ,전기·전자,14800,310,2.14,129662800000
206400,베노티앤알,KOSDAQ,건설,1644,-56,-3.29,61666699752
019010,베뉴지,KOSDAQ,유통,2100,20,0.96,101220000000
177350,베셀,KOSDAQ,기계·장비,1003,-12,-1.18,17928031224
457600,벡트,KOSDAQ,전기·전자,3910,-100,-2.49,53596325000
424760,벨로크,KOSDAQ,IT 서비스,826,14,1.72,16243291652
225530,보광산업,KOSDAQ,비금속,4335,60,1.40,157528381545
250000,보라티알,KOSDAQ,유통,9920,10,0.10,66967271360
310210,보로노이,KOSDAQ,제약,136600,-1400,-1.01,2509315636200
006910,보성파워텍,KOSDAQ,금속,2825,75,2.73,138791752800
226340,본느,KOSDAQ,화학,1458,0,0.00,61166628360
014470,부방,KOSDAQ,부동산,1886,35,1.89,113258562360
008470,부스타,KOSDAQ,금속,3700,-10,-0.27,31097760000
338220,뷰노,KOSDAQ,IT 서비스,22950,1050,4.79,321284462850
100120,뷰웍스,KOSDAQ,의료·정밀기기,22600,50,0.22,220350000000
406820,뷰티스킨,KOSDAQ,화학,13050,-140,-1.06,46119222000
337930,브랜드엑스코퍼레이션,KOSDAQ,IT 서비스,6440,50,0.78,188766362680
099390,브레인즈컴퍼니,KOSDAQ,IT 서비스,5380,40,0.75,44160562540
064480,브리지텍,KOSDAQ,IT 서비스,5360,170,3.28,64065400000
288330,브릿지바이오테라퓨틱스,KOSDAQ,제약,6570,370,5.97,338098500630
365900,브이씨,KOSDAQ,기타제조,3900,0,0.00,28510170000
089970,브이엠,KOSDAQ,기계·장비,9680,310,3.31,233051759600
251630,브이원텍,KOSDAQ,기계·장비,4525,205,4.75,72141559150
018290,브이티,KOSDAQ,화학,35400,150,0.43,1267249447800
478560,블랙야크아이앤씨,KOSDAQ,섬유·의류,3925,100,2.61,95348278375
439580,블루엠텍,KOSDAQ,유통,10810,-30,-0.28,120750089010
033560,블루콤,KOSDAQ,전기·전자,3325,-10,-0.30,56857500000
369370,블리츠웨이스튜디오,KOSDAQ,기타제조,1589,14,0.89,79246466579
126340,비나텍,KOSDAQ,전기·전자,24800,300,1.22,150910926400
121800,비덴트,KOSDAQ,전기·전자,3320,0,0.00,256309348520
082800,비보존 제약,KOSDAQ,제약,6800,160,2.41,340711728800
318410,비비씨,KOSDAQ,화학,7740,160,2.11,42997580820
419540,비스토스,KOSDAQ,의료·정밀기기,1649,-1,-0.06,37914650639
146320,비씨엔씨,KOSDAQ,전기·전자,10510,360,3.55,134506170730
200780,비씨월드제약,KOSDAQ,제약,4385,-45,-1.02,38993103840
413640,비아이매트릭스,KOSDAQ,IT 서비스,11150,290,2.67,80357381000
141000,비아트론,KOSDAQ,기계·장비,7250,110,1.54,87831647500
083650,비에이치아이,KOSDAQ,기계·장비,20750,1380,7.12,642095781250
445360,비엔케이제1호스팩,KOSDAQ,금융,2110,-5,-0.24,9094100000
473370,비엔케이제2호스팩,KOSDAQ,금융,2015,0,0.00,8483150000
065170,비엘팜텍,KOSDAQ,유통,1521,-68,-4.28,13532420655
086670,비엠티,KOSDAQ,기계·장비,9320,170,1.86,85046621680
335890,비올,KOSDAQ,의료·정밀기기,8100,130,1.63,473194912500
230980,비유테크놀러지,KOSDAQ,IT 서비스,229,0,0.00,21370407553
082920,비츠로셀,KOSDAQ,전기·전자,26500,100,0.38,606113644500
054220,비츠로시스,KOSDAQ,전기·전자,393,27,7.38,23561560833
042370,비츠로테크,KOSDAQ,금융,8020,60,0.75,210124200500
050090,비케이홀딩스,KOSDAQ,일반서비스,670,9,1.36,13255772450
148780,비큐AI,KOSDAQ,IT 서비스,1016,16,1.60,31948856600
307870,비투엔,KOSDAQ,IT 서비스,764,-33,-4.14,38815657176
377030,비트맥스,KOSDAQ,IT 서비스,1701,-40,-2.30,63330308622
032850,비트컴퓨터,KOSDAQ,IT 서비스,4870,20,0.41,80955436910
238200,비피도,KOSDAQ,음식료·담배,3005,-15,-0.50,24580900000
093190,빅솔론,KOSDAQ,전기·전자,5180,0,0.00,99657527900
065450,빅텍,KOSDAQ,의료·정밀기기,4070,-5,-0.12,116616896000
044480,빌리언스,KOSDAQ,화학,463,-3,-0.64,18827306064
069540,빛과전자,KOSDAQ,전기·전자,907,-2,-0.22,41756084153
072950,빛샘전자,KOSDAQ,전기·전자,4485,15,0.34,36115955850
451250,삐아,KOSDAQ,화학,10000,-90,-0.89,100898770000
143240,사람인,KOSDAQ,IT 서비스,15570,170,1.10,182313224910
466410,사이냅소프트,KOSDAQ,IT 서비스,13630,240,1.79,68654623490
452430,사피엔반도체,KOSDAQ,전기·전자,19660,-310,-1.55,159176285640
419120,산돌,KOSDAQ,IT 서비스,6750,120,1.81,52476700500
122350,삼기,KOSDAQ,운송장비·부품,1174,-15,-1.26,45010488472
419050,삼기이브이,KOSDAQ,운송장비·부품,1601,-17,-1.05,91571180240
014970,삼륭물산,KOSDAQ,종이·목재,2880,5,0.17,43560000000
018310,삼목에스폼,KOSDAQ,금속,20200,200,1.00,296940000000
053700,삼보모터스,KOSDAQ,운송장비·부품,4115,-20,-0.48,94139636850
009620,삼보산업,KOSDAQ,금속,2130,50,2.40,34902373830
023600,삼보판지,KOSDAQ,종이·목재,8090,50,0.62,130815300000
439250,삼성스팩7호,KOSDAQ,금융,10540,10,0.09,36911080000
448740,삼성스팩8호,KOSDAQ,금융,10290,0,0.00,47992560000
468510,삼성스팩9호,KOSDAQ,금융,2105,-35,-1.64,23260250000
009300,삼아제약,KOSDAQ,제약,16060,0,0.00,102302200000
482630,삼양엔씨켐,KOSDAQ,화학,18250,560,3.17,197650055000
361670,삼영에스앤씨,KOSDAQ,전기·전자,4570,-15,-0.33,25901197060
054540,삼영엠텍,KOSDAQ,금속,4900,50,1.03,63700000000
065570,삼영이엔씨,KOSDAQ,전기·전자,764,0,0.00,12295692232
032280,삼일,KOSDAQ,운송·창고,1996,-49,-2.40,32362325640
002290,삼일기업공사,KOSDAQ,건설,3920,45,1.16,48608000000
037460,삼지전자,KOSDAQ,전기·전자,9460,110,1.18,154373218120
032750,삼진,KOSDAQ,전기·전자,4230,-120,-2.76,38201646060
054090,삼진엘앤디,KOSDAQ,기타제조,725,9,1.26,18095443200
000250,삼천당제약,KOSDAQ,제약,191400,3300,1.75,4489760140800
024950,삼천리자전거,KOSDAQ,유통,4170,5,0.12,55350816090
038500,삼표시멘트,KOSDAQ,비금속,3135,15,0.48,338317619310
437730,삼현,KOSDAQ,운송장비·부품,12750,-190,-1.47,404271479250
017480,삼현철강,KOSDAQ,금속,4400,-10,-0.23,69092716000
046390,삼화네트웍스,KOSDAQ,오락·문화,1241,-6,-0.48,53577609853
027580,상보,KOSDAQ,화학,1173,52,4.64,69419640267
038540,상상인,KOSDAQ,IT 서비스,1566,1,0.06,86644138158
452670,상상인제4호스팩,KOSDAQ,금융,2000,0,0.00,10440000000
091580,상신이디피,KOSDAQ,전기·전자,7980,210,2.70,106359187620
263810,상신전자,KOSDAQ,전기·전자,2870,20,0.70,40882340660
089980,상아프론테크,KOSDAQ,화학,15730,-200,-1.26,251507552010
042940,상지건설,KOSDAQ,건설,3860,-25,-0.64,15369802040
042600,새로닉스,KOSDAQ,전기·전자,9130,-220,-2.35,113427230620
107600,새빗켐,KOSDAQ,화학,17230,140,0.82,85832020350
411080,샌즈랩,KOSDAQ,IT 서비스,8460,380,4.70,129003477480
252990,샘씨엔에스,KOSDAQ,전기·전자,4720,215,4.77,275591657360
378800,샤페론,KOSDAQ,제약,3540,115,3.36,106706329740
294630,서남,KOSDAQ,전기·전자,3080,0,0.00,73856733720
038070,서린바이오,KOSDAQ,유통,7040,170,2.47,62660759040
006730,서부T&D,KOSDAQ,일반서비스,5430,90,1.69,357983191890
079650,서산,KOSDAQ,비금속,1214,-10,-0.82,24280000000
100660,서암기계공업,KOSDAQ,기계·장비,3630,65,1.82,45738000000
019770,서연탑메탈,KOSDAQ,기계·장비,3900,100,2.63,45435000000
043710,서울리거,KOSDAQ,유통,604,24,4.14,52283756040
092190,서울바이오시스,KOSDAQ,전기·전자,3305,30,0.92,151595005815
046890,서울반도체,KOSDAQ,전기·전자,6610,70,1.07,385398694000
063170,서울옥션,KOSDAQ,유통,6740,0,0.00,119798559580
027040,서울전자통신,KOSDAQ,전기·전자,249,0,0.00,17327622903
018680,서울제약,KOSDAQ,제약,3290,-20,-0.60,38359159510
093920,서원인텍,KOSDAQ,전기·전자,5280,60,1.15,98208000000
189860,서전기전,KOSDAQ,전기·전자,4510,20,0.45,43741497800
178320,서진시스템,KOSDAQ,전기·전자,22450,100,0.45,1262766567300
122690,서진오토모티브,KOSDAQ,운송장비·부품,1893,-5,-0.26,41351468130
140070,서플러스글로벌,KOSDAQ,유통,2605,15,0.58,96353740000
011370,서한,KOSDAQ,건설,786,-5,-0.63,79303363890
065710,서호전기,KOSDAQ,전기·전자,23050,500,2.22,118707500000
035890,서희건설,KOSDAQ,건설,1507,-27,-1.76,346321344699
357550,석경에이티,KOSDAQ,화학,50600,1300,2.64,276023000000
003100,선광,KOSDAQ,운송·창고,15840,-80,-0.50,104544000000
067370,선바이오,KOSDAQ,제약,6120,-180,-2.86,75358956600
217620,선샤인푸드,KOSDAQ,일반서비스,3810,0,0.00,26803681470
171090,선익시스템,KOSDAQ,기계·장비,46400,2500,5.69,442517032000
086710,선진뷰티사이언스,KOSDAQ,화학,11000,110,1.01,134236080000
014620,성광벤드,KOSDAQ,금속,27050,550,2.08,755467196350
037350,성도이엔지,KOSDAQ,일반서비스,4060,25,0.62,62808200000
458650,성우,KOSDAQ,전기·전자,18750,620,3.42,282106312500
081580,성우전자,KOSDAQ,전기·전자,2325,0,0.00,36056432475
045300,성우테크론,KOSDAQ,전기·전자,2960,-15,-0.50,30048685680
015750,성우하이텍,KOSDAQ,운송장비·부품,5250,10,0.19,420000000000
365340,성일하이텍,KOSDAQ,화학,34550,350,1.02,419713400000
080470,성창오토텍,KOSDAQ,운송장비·부품,3505,-15,-0.43,25586500000
043260,성호전자,KOSDAQ,전기·전자,1124,-1,-0.09,68566460436
148150,세경하이테크,KOSDAQ,전기·전자,7910,60,0.76,283655993390
188260,세니젠,KOSDAQ,기타제조,2585,60,2.38,18685594950
053060,세동,KOSDAQ,운송장비·부품,1017,2,0.20,17957595123
340440,세림B&G,KOSDAQ,화학,1324,2,0.15,37572953936
017510,세명전기,KOSDAQ,금속,5870,220,3.89,89494020000
011560,세보엠이씨,KOSDAQ,건설,10100,60,0.60,106353000000
396300,세아메카닉스,KOSDAQ,금속,2315,35,1.54,61323192500
100700,세운메디칼,KOSDAQ,제약,2430,-15,-0.61,106434000000
024830,세원물산,KOSDAQ,운송장비·부품,7940,190,2.45,66299000000
258830,세종메디칼,KOSDAQ,의료·정밀기기,412,0,0.00,22983976612
036630,세종텔레콤,KOSDAQ,통신,425,0,0.00,85000000000
039310,세중,KOSDAQ,IT 서비스,1566,18,1.16,28378530522
067770,세진티에스,KOSDAQ,전기·전자,2150,45,2.14,18052674950
053450,세코닉스,KOSDAQ,의료·정밀기기,6470,70,1.09,95709435410
222810,세토피아,KOSDAQ,금속,5400,0,0.00,81712098000
252500,세화피앤씨,KOSDAQ,화학,856,5,0.59,35512349840
321370,센서뷰,KOSDAQ,전기·전자,1306,-5,-0.38,53849100398
347000,센코,KOSDAQ,의료·정밀기기,2250,35,1.58,74261196000
331920,셀레믹스,KOSDAQ,제약,3040,-10,-0.33,24819009920
471820,셀로맥스사이언스,KOSDAQ,음식료·담배,5140,130,2.59,59850566060
049180,셀루메드,KOSDAQ,제약,1440,59,4.27,74182904640
299660,셀리드,KOSDAQ,일반서비스,4110,155,3.92,86733235470
108860,셀바스AI,KOSDAQ,IT 서비스,13100,430,3.39,352583749000
208370,셀바스헬스케어,KOSDAQ,의료·정밀기기,4480,100,2.28,115317726720
318160,셀바이오휴먼텍,KOSDAQ,섬유·의류,4200,10,0.24,38895784200
308430,셀비온,KOSDAQ,제약,20600,1330,6.90,263700785400
068760,셀트리온제약,KOSDAQ,제약,53400,1600,3.09,2221631545800
068940,셀피글로벌,KOSDAQ,전기·전자,778,0,0.00,29766744466
060230,소니드,KOSDAQ,화학,727,-31,-4.09,39984670669
290690,소룩스,KOSDAQ,전기·전자,4250,780,22.48,206119657750
950200,소마젠,KOSDAQ,일반서비스,3785,5,0.13,72808460605
032680,소프트센,KOSDAQ,IT 서비스,317,1,0.32,33472272188
032685,소프트센우,KOSDAQ,IT 서비스,7380,-80,-1.07,2635707960
258790,소프트캠프,KOSDAQ,IT 서비스,914,32,3.63,22842033576
066910,손오공,KOSDAQ,유통,726,-4,-0.55,24527372034
035610,솔본,KOSDAQ,일반서비스,3935,45,1.16,107606498195
357780,솔브레인,KOSDAQ,화학,210000,10000,5.00,1633498860000
036830,솔브레인홀딩스,KOSDAQ,일반서비스,31750,1050,3.42,665608778000
304100,솔트룩스,KOSDAQ,IT 서비스,24800,1050,4.42,300838086400
328380,솔트웨어,KOSDAQ,IT 서비스,949,29,3.15,32515376322
086980,쇼박스,KOSDAQ,오락·문화,3050,70,2.35,191045900000
050960,수산아이앤티,KOSDAQ,IT 서비스,16960,1020,6.40,114496960000
084180,수성웹툰,KOSDAQ,기계·장비,5430,-90,-1.63,97452269730
253840,수젠텍,KOSDAQ,제약,5590,10,0.18,93594488000
298830,슈어소프트테크,KOSDAQ,IT 서비스,4905,95,1.98,258096494205
236200,슈프리마,KOSDAQ,전기·전자,27900,-300,-1.06,200692316700
094840,슈프리마에이치큐,KOSDAQ,전기·전자,6470,120,1.89,67752804800
192440,슈피겐코리아,KOSDAQ,기타제조,24600,-400,-1.60,152922529800
424960,스마트레이더시스템,KOSDAQ,의료·정밀기기,11550,170,1.49,181073277000
099440,스맥,KOSDAQ,기계·장비,3270,40,1.24,131595898380
276040,스코넥,KOSDAQ,IT 서비스,4395,50,1.15,55176913230
159910,스킨앤스킨,KOSDAQ,화학,933,28,3.09,33970621434
060240,스타코링크,KOSDAQ,IT 서비스,540,0,0.00,17449656660
115570,스타플렉스,KOSDAQ,화학,2470,-15,-0.60,19721734760
330730,스톤브릿지벤처스,KOSDAQ,금융,3990,35,0.88,72421811700
352090,스톰테크,KOSDAQ,화학,3315,0,0.00,89083988370
253450,스튜디오드래곤,KOSDAQ,오락·문화,46550,-900,-1.90,1399223081900
408900,스튜디오미르,KOSDAQ,오락·문화,3650,300,8.96,119377389100
204630,스튜디오산타클로스,KOSDAQ,오락·문화,4650,0,0.00,23668225650
415380,스튜디오삼익,KOSDAQ,유통,8000,0,0.00,33803984000
013810,스페코,KOSDAQ,기계·장비,3540,-35,-0.98,51880363800
049830,승일,KOSDAQ,금속,7570,100,1.34,46420087840
020710,시공테크,KOSDAQ,일반서비스,3930,75,1.95,78788522100
033170,시그네틱스,KOSDAQ,전기·전자,813,15,1.88,69697123347
048870,시너지이노베이션,KOSDAQ,의료·정밀기기,2680,10,0.37,221698033960
025320,시노펙스,KOSDAQ,전기·전자,6880,-270,-3.78,605382001600
269620,시스웍,KOSDAQ,의료·정밀기기,889,0,0.00,132090012299
056090,시지메드텍,KOSDAQ,의료·정밀기기,894,17,1.94,92313578184
429270,시지트로닉스,KOSDAQ,전기·전자,4305,20,0.47,19399406250
418250,시큐레터,KOSDAQ,IT 서비스,6550,0,0.00,52279100100
131090,시큐브,KOSDAQ,IT 서비스,850,9,1.07,34000000000
232830,시큐센,KOSDAQ,IT 서비스,2320,-30,-1.28,27161335040
290520,신도기연,KOSDAQ,기계·장비,2145,-20,-0.92,34168481490
001000,신라섬유,KOSDAQ,부동산,912,-18,-1.94,22141116480
025870,신라에스지,KOSDAQ,유통,5920,-30,-0.50,23680000000
215600,신라젠,KOSDAQ,일반서비스,2445,55,2.30,335862620625
065350,신성델타테크,KOSDAQ,전기·전자,69700,1100,1.60,1915631175600
416180,신성에스티,KOSDAQ,운송장비·부품,36150,2850,8.56,326787974700
162300,신스틸,KOSDAQ,금속,2590,75,2.98,107410879380
290560,신시웨이,KOSDAQ,IT 서비스,6260,-210,-3.25,24276104720
002800,신신제약,KOSDAQ,제약,5230,40,0.77,79341715000
472220,신영스팩10호,KOSDAQ,금융,2115,0,0.00,9919350000
430220,신영스팩8호,KOSDAQ,금융,2110,0,0.00,14263600000
445970,신영스팩9호,KOSDAQ,금융,2160,0,0.00,11577600000
017000,신원종합개발,KOSDAQ,건설,3050,-20,-0.65,35587482350
012790,신일제약,KOSDAQ,제약,6490,20,0.31,77791833350
138070,신진에스엠,KOSDAQ,금속,2455,25,1.03,42970365820
226330,신테카바이오,KOSDAQ,IT 서비스,7050,970,15.95,107572248750
418210,신한제10호스팩,KOSDAQ,금융,2110,5,0.24,7722600000
452980,신한제11호스팩,KOSDAQ,금융,1997,1,0.05,37753285000
474660,신한제12호스팩,KOSDAQ,금융,2065,5,0.24,11398800000
474930,신한제13호스팩,KOSDAQ,금융,2105,0,0.00,7620100000
487360,신한제14호스팩,KOSDAQ,금융,1998,-1,-0.05,11268720000
487830,신한제15호스팩,KOSDAQ,금융,2020,5,0.25,8787000000
056700,신화인터텍,KOSDAQ,화학,1568,0,0.00,45683822688
187270,신화콘텍,KOSDAQ,전기·전자,3015,-25,-0.82,30583692675
243840,신흥에스이씨,KOSDAQ,전기·전자,4755,50,1.06,185060011425
257720,실리콘투,KOSDAQ,유통,26800,150,0.56,1639407134400
222800,심텍,KOSDAQ,전기·전자,21050,100,0.48,670529710150
036710,심텍홀딩스,KOSDAQ,전기·전자,1528,49,3.31,74449170312
160980,싸이맥스,KOSDAQ,기계·장비,10760,360,3.46,117544854680
356890,싸이버원,KOSDAQ,IT 서비스,4225,-65,-1.52,50346473125
217330,싸이토젠,KOSDAQ,일반서비스,4265,-70,-1.61,98647517955
208640,썸에이지,KOSDAQ,IT 서비스,284,4,1.43,39544232136
222420,쎄노텍,KOSDAQ,비금속,881,-16,-1.78,40050463511
037760,쎄니트,KOSDAQ,금속,1423,7,0.49,48144246583
099320,쎄트렉아이,KOSDAQ,운송장비·부품,55800,900,1.64,611081312400
049960,쎌바이오텍,KOSDAQ,제약,13170,-190,-1.42,123798000000
088280,쏘닉스,KOSDAQ,전기·전자,2755,0,0.00,47679379950
050890,쏠리드,KOSDAQ,전기·전자,7000,40,0.57,427666617000
394800,쓰리빌리언,KOSDAQ,의료·정밀기기,5620,-120,-2.09,178064136200
177900,쓰리에이로직스,KOSDAQ,전기·전자,9260,120,1.31,86736568000
475400,씨메스,KOSDAQ,기계·장비,31150,1100,3.66,361602594500
109670,씨싸이트,KOSDAQ,섬유·의류,7110,60,0.85,41498240220
066790,씨씨에스,KOSDAQ,오락·문화,1226,0,0.00,79876399814
222080,씨아이에스,KOSDAQ,기계·장비,7960,680,9.34,615879838440
352480,씨앤씨인터내셔널,KOSDAQ,화학,43550,-800,-1.80,436107130550
264660,씨앤지하이테크,KOSDAQ,기계·장비,14510,-60,-0.41,139700770960
352700,씨앤투스,KOSDAQ,섬유·의류,2545,-10,-0.39,69419707955
458870,씨어스테크놀로지,KOSDAQ,의료·정밀기기,13950,60,0.43,175642776000
297090,씨에스베어링,KOSDAQ,기계·장비,5160,10,0.19,140713200000
900120,씨엑스아이,KOSDAQ,금융,55,0,0.00,16531781475
359090,씨엔알리서치,KOSDAQ,일반서비스,1085,7,0.65,61547591735
115530,씨엔플러스,KOSDAQ,전기·전자,351,1,0.29,23855013000
115480,씨유메디칼,KOSDAQ,의료·정밀기기,590,-3,-0.51,35768489220
340810,씨유박스,KOSDAQ,IT 서비스,3135,-45,-1.42,33224300505
376290,씨유테크,KOSDAQ,전기·전자,3290,0,0.00,58093175000
189330,씨이랩,KOSDAQ,IT 서비스,7100,70,1.00,43255216400
096530,씨젠,KOSDAQ,제약,24650,-50,-0.20,1287370752100
101240,씨큐브,KOSDAQ,화학,4355,180,4.31,45034824185
060590,씨티씨바이오,KOSDAQ,제약,7190,290,4.20,173861533800
260930,씨티케이,KOSDAQ,화학,4425,-25,-0.56,85586540175
413630,씨피시스템,KOSDAQ,화학,1608,13,0.82,61422417768
013990,아가방컴퍼니,KOSDAQ,유통,5430,170,3.23,178579320480
123860,아나패스,KOSDAQ,전기·전자,19340,-60,-0.31,234466846100
025980,아난티,KOSDAQ,일반서비스,5830,280,5.05,516709856740
125210,아모그린텍,KOSDAQ,전기·전자,5870,60,1.03,96836157300
357580,아모센스,KOSDAQ,전기·전자,6400,-90,-1.39,71809689600
052710,아모텍,KOSDAQ,전기·전자,7270,260,3.71,106251842430
074430,아미노로직스,KOSDAQ,제약,940,-13,-1.36,82557233360
092040,아미코젠,KOSDAQ,음식료·담배,3505,10,0.29,192839306235
083930,아바코,KOSDAQ,기계·장비,16240,1010,6.63,242183839520
149950,아바텍,KOSDAQ,전기·전자,8950,-50,-0.56,139687125000
036010,아비코전자,KOSDAQ,전기·전자,5770,100,1.76,76700229180
050860,아세아텍,KOSDAQ,기계·장비,2010,-10,-0.50,45225000000
136410,아셈스,KOSDAQ,화학,8050,-10,-0.12,88703803300
246720,아스타,KOSDAQ,제약,5270,90,1.74,71499671000
450950,아스테라시스,KOSDAQ,의료·정밀기기,9000,0,0.00,329621778000
067390,아스트,KOSDAQ,운송장비·부품,730,-60,-7.59,262915032670
159010,아스플로,KOSDAQ,기계·장비,5050,85,1.71,67340431950
127710,아시아경제,KOSDAQ,IT 서비스,1318,65,5.19,46003580076
154030,아시아종묘,KOSDAQ,농업, 임업 및 어업,1772,-3,-0.17,21373628324
227610,아우딘퓨쳐스,KOSDAQ,화학,905,-10,-1.09,32203110035
143160,아이디스,KOSDAQ,전기·전자,15370,-380,-2.41,164710914300
054800,아이디스홀딩스,KOSDAQ,일반서비스,8940,100,1.13,92508938640
332370,아이디피,KOSDAQ,전기·전자,4600,75,1.66,61059139600
339950,아이비김영,KOSDAQ,일반서비스,2020,25,1.25,90792243100
469750,아이비젼웍스,KOSDAQ,기계·장비,1035,16,1.57,35124257835
460470,아이빔테크놀로지,KOSDAQ,의료·정밀기기,5040,110,2.23,76025224800
099190,아이센스,KOSDAQ,의료·정밀기기,15590,210,1.37,430927446070
461300,아이스크림미디어,KOSDAQ,IT 서비스,13200,-330,-2.44,173420715600
289010,아이스크림에듀,KOSDAQ,오락·문화,2115,0,0.00,27207438255
214430,아이쓰리시스템,KOSDAQ,전기·전자,57000,-2500,-4.20,405085320000
040910,아이씨디,KOSDAQ,기계·장비,5900,-50,-0.84,109588222500
368600,아이씨에이치,KOSDAQ,전기·전자,2990,-40,-1.32,52439654540
456010,아이씨티케이,KOSDAQ,전기·전자,13250,40,0.30,175918342000
052860,아이앤씨,KOSDAQ,전기·전자,2150,0,0.00,38405136100
464500,아이언디바이스,KOSDAQ,전기·전자,4045,70,1.76,56481398835
212710,아이에스티이,KOSDAQ,전기·전자,12270,100,0.82,111650595060
038880,아이에이,KOSDAQ,전기·전자,255,0,0.00,95808899625
307180,아이엘사이언스,KOSDAQ,전기·전자,2935,20,0.69,79370700180
101390,아이엠,KOSDAQ,전기·전자,940,87,10.20,12202933360
461030,아이엠비디엑스,KOSDAQ,일반서비스,10160,120,1.20,142420340000
451220,아이엠티,KOSDAQ,기계·장비,10210,210,2.10,80399778310
090150,아이윈,KOSDAQ,운송장비·부품,804,4,0.50,33667735572
123010,아이윈플러스,KOSDAQ,전기·전자,1461,-94,-6.05,47714129862
031310,아이즈비전,KOSDAQ,통신,1690,-30,-1.74,42815534840
462980,아이지넷,KOSDAQ,IT 서비스,3320,-40,-1.19,60538330840
185490,아이진,KOSDAQ,일반서비스,2550,90,3.66,68925949200
059100,아이컴포넌트,KOSDAQ,전기·전자,5110,-30,-0.58,36132094600
262840,아이퀘스트,KOSDAQ,IT 서비스,2370,20,0.85,45717300000
175250,아이큐어,KOSDAQ,제약,1668,10,0.60,62647357824
052460,아이크래프트,KOSDAQ,IT 서비스,2290,0,0.00,33452173440
119830,아이텍,KOSDAQ,일반서비스,6170,30,0.49,132249612490
052770,아이톡시,KOSDAQ,유통,1229,-25,-1.99,60196353634
124500,아이티센,KOSDAQ,IT 서비스,6320,30,0.48,146652610640
010280,아이티센엔텍,KOSDAQ,IT 서비스,750,-18,-2.34,48842839500
372800,아이티아이즈,KOSDAQ,IT 서비스,4510,0,0.00,27181724900
084850,아이티엠반도체,KOSDAQ,전기·전자,12290,0,0.00,278773258860
114840,아이패밀리에스씨,KOSDAQ,화학,20950,-50,-0.24,362851905000
027360,아주IB투자,KOSDAQ,금융,2155,5,0.23,260637349930
032080,아즈텍WB,KOSDAQ,섬유·의류,1293,-7,-0.54,27787900497
013310,아진산업,KOSDAQ,운송장비·부품,2670,-15,-0.56,103613573940
059120,아진엑스텍,KOSDAQ,전기·전자,7790,420,5.70,75941562840
203690,아크솔루션스,KOSDAQ,종이·목재,4425,0,0.00,69648384900
158430,아톤,KOSDAQ,IT 서비스,5850,40,0.69,145073278350
200350,아티스트스튜디오,KOSDAQ,오락·문화,13740,390,2.92,137345383500
321820,아티스트유나이티드,KOSDAQ,IT 서비스,10120,100,1.00,157784725120
001540,안국약품,KOSDAQ,제약,6560,60,0.92,85558275200
053800,안랩,KOSDAQ,IT 서비스,73500,1400,1.94,817798191000
065660,안트로젠,KOSDAQ,유통,19740,1420,7.75,197520414000
297570,알로이스,KOSDAQ,전기·전자,670,-6,-0.89,23196216060
260660,알리코제약,KOSDAQ,제약,4690,370,8.56,71883728490
354320,알멕,KOSDAQ,금속,29550,-1550,-4.98,188865308550
361570,알비더블유,KOSDAQ,오락·문화,2625,-135,-4.89,75451138875
131370,알서포트,KOSDAQ,IT 서비스,2880,25,0.88,153409199040
140670,알에스오토메이션,KOSDAQ,전기·전자,16920,1790,11.83,157409128800
096610,알에프세미,KOSDAQ,전기·전자,2965,0,0.00,51550708615
061040,알에프텍,KOSDAQ,전기·전자,3265,65,2.03,104771430635
148250,알엔투테크놀로지,KOSDAQ,전기·전자,8050,60,0.75,61818912400
347860,알체라,KOSDAQ,IT 서비스,1420,69,5.11,54969564620
196170,알테오젠,KOSDAQ,일반서비스,392000,17000,4.53,20900980576000
123750,알톤,KOSDAQ,운송장비·부품,1590,-1,-0.06,20266612230
085810,알티캐스트,KOSDAQ,IT 서비스,1377,7,0.51,67551168159
043100,알파녹스,KOSDAQ,의료·정밀기기,1315,6,0.46,21806601605
117670,알파홀딩스,KOSDAQ,전기·전자,1160,-10,-0.85,71217829960
314140,알피바이오,KOSDAQ,제약,5670,180,3.28,49138266870
291650,압타머사이언스,KOSDAQ,일반서비스,938,8,0.86,27464876376
293780,압타바이오,KOSDAQ,일반서비스,7460,330,4.63,200534945600
196300,애니젠,KOSDAQ,제약,10200,-330,-3.13,61234547400
310200,애니플러스,KOSDAQ,오락·문화,3040,30,1.00,138383776160
179530,애드바이오텍,KOSDAQ,제약,1863,47,2.59,17028647172
900100,애머릿지,KOSDAQ,유통,1004,20,2.03,44314508828
052790,액토즈소프트,KOSDAQ,IT 서비스,6810,130,1.95,77161644780
290740,액트로,KOSDAQ,전기·전자,6160,70,1.15,62000467760
238090,앤디포스,KOSDAQ,화학,1769,-10,-0.56,41644565007
092600,앤씨앤,KOSDAQ,전기·전자,716,9,1.27,17959798172
129890,앱코,KOSDAQ,전기·전자,942,11,1.18,47706092220
174900,앱클론,KOSDAQ,제약,12310,10,0.08,216524836950
270520,앱트뉴로사이언스,KOSDAQ,일반서비스,1022,22,2.20,162284183292
255440,야스,KOSDAQ,기계·장비,7730,-70,-0.90,100938340000
030960,양지사,KOSDAQ,출판·매체복제,10150,-630,-5.84,162197000000
102120,어보브반도체,KOSDAQ,전기·전자,12440,630,5.33,221192567320
238120,얼라인드,KOSDAQ,의료·정밀기기,3020,-15,-0.49,43424265920
019990,에너토크,KOSDAQ,기계·장비,5780,-10,-0.17,56390188640
435570,에르코스,KOSDAQ,음식료·담배,8140,420,5.44,57140797560
270660,에브리봇,KOSDAQ,전기·전자,16190,370,2.34,198517602980
038680,에스넷,KOSDAQ,IT 서비스,4160,115,2.84,81326656320
217480,에스디생명공학,KOSDAQ,화학,499,0,0.00,54756837359
121890,에스디시스템,KOSDAQ,전기·전자,1600,-11,-0.68,21266313600
304360,에스바이오메딕스,KOSDAQ,제약,25700,-300,-1.15,301866957200
389500,에스비비테크,KOSDAQ,기계·장비,24150,3500,16.95,149123931600
042110,에스씨디,KOSDAQ,전기·전자,1432,6,0.42,69207935648
298060,에스씨엠생명과학,KOSDAQ,제약,1182,15,1.29,24192287136
065420,에스아이리소스,KOSDAQ,화학,247,-14,-5.36,17679592853
103230,에스앤더블류,KOSDAQ,기계·장비,3000,150,5.26,21600000000
260970,에스앤디,KOSDAQ,음식료·담배,74500,4400,6.28,215510173000
101490,에스앤에스텍,KOSDAQ,전기·전자,33600,2150,6.84,720768619200
095910,에스에너지,KOSDAQ,전기·전자,1399,-5,-0.36,27481645422
275630,에스에스알,KOSDAQ,IT 서비스,3120,-100,-3.11,18776125680
031330,에스에이엠티,KOSDAQ,유통,2815,20,0.72,281486113605
060540,에스에이티,KOSDAQ,의료·정밀기기,1532,3,0.20,40036224792
351320,에스에이티이엔지,KOSDAQ,기계·장비,2360,140,6.31,51957490960
056190,에스에프에이,KOSDAQ,기계·장비,19650,410,2.13,705607134000
246250,에스엘에스바이오,KOSDAQ,일반서비스,1622,16,1.00,24894790132
041510,에스엠,KOSDAQ,오락·문화,91200,-2200,-2.36,2129850782400
460870,에스엠씨지,KOSDAQ,비금속,3905,60,1.56,71864906025
007820,에스엠코어,KOSDAQ,기계·장비,4580,-30,-0.65,91755472680
464080,에스오에스랩,KOSDAQ,의료·정밀기기,11900,270,2.32,210413777000
109610,에스와이,KOSDAQ,금속,3925,45,1.16,191961545000
365330,에스와이스틸텍,KOSDAQ,금속,6090,-20,-0.33,186414900000
306040,에스제이그룹,KOSDAQ,섬유·의류,4645,85,1.86,45826771060
398120,에스지헬스케어,KOSDAQ,의료·정밀기기,3100,95,3.16,34331570000
457940,에스케이증권제10호스팩,KOSDAQ,금융,2080,0,0.00,6884800000
472230,에스케이증권제11호스팩,KOSDAQ,금융,2045,0,0.00,8496975000
473000,에스케이증권제12호스팩,KOSDAQ,금융,2070,0,0.00,6851700000
473950,에스케이증권제13호스팩,KOSDAQ,금융,2020,5,0.25,8928400000
435870,에스케이증권제8호스팩,KOSDAQ,금융,2110,0,0.00,7849200000
455910,에스케이증권제9호스팩,KOSDAQ,금융,2080,0,0.00,10441600000
475660,에스켐,KOSDAQ,화학,5660,150,2.72,44882866100
096630,에스코넥,KOSDAQ,전기·전자,614,4,0.66,48740312224
069510,에스텍,KOSDAQ,전기·전자,11350,-80,-0.70,123828500000
234300,에스트래픽,KOSDAQ,IT 서비스,3740,35,0.94,104008831520
039440,에스티아이,KOSDAQ,기계·장비,20900,1180,5.98,330847000000
098660,에스티오,KOSDAQ,섬유·의류,2420,15,0.62,30252361920
052020,에스티큐브,KOSDAQ,유통,7290,110,1.53,495598191390
237690,에스티팜,KOSDAQ,제약,75600,1200,1.61,1523558332800
050760,에스폴리텍,KOSDAQ,화학,1500,-22,-1.45,24502017000
288620,에스퓨얼셀,KOSDAQ,전기·전자,8500,-50,-0.58,59324186000
443670,에스피소프트,KOSDAQ,IT 서비스,7960,90,1.14,192643080320
317830,에스피시스템스,KOSDAQ,기계·장비,8880,290,3.38,95671503840
058610,에스피지,KOSDAQ,전기·전자,25950,1000,4.01,575502492000
043340,에쎈테크,KOSDAQ,기계·장비,554,7,1.28,52630000000
163280,에어레인,KOSDAQ,기계·장비,15000,460,3.16,122621835000
054630,에이디칩스,KOSDAQ,기타제조,1580,0,0.00,12594094680
200710,에이디테크놀로지,KOSDAQ,전기·전자,18000,840,4.90,241934796000
475580,에이럭스,KOSDAQ,기타제조,12910,110,0.86,175251959000
096690,에이루트,KOSDAQ,전기·전자,1190,-5,-0.42,39837854910
298380,에이비엘바이오,KOSDAQ,제약,37650,700,1.89,1817815116300
203400,에이비온,KOSDAQ,일반서비스,6190,-60,-0.96,177265598850
195990,에이비프로바이오,KOSDAQ,기계·장비,296,-2,-0.67,84268157416
003800,에이스침대,KOSDAQ,기타제조,25000,50,0.20,277250000000
088800,에이스테크,KOSDAQ,전기·전자,600,-60,-9.09,135911581800
241840,에이스토리,KOSDAQ,오락·문화,8200,220,2.76,78227950800
453860,에이에스텍,KOSDAQ,화학,21600,400,1.89,122195844000
312610,에이에프더블류,KOSDAQ,전기·전자,1218,-17,-1.38,24672889584
172670,에이엘티,KOSDAQ,전기·전자,11400,240,2.15,102146952600
445090,에이직랜드,KOSDAQ,전기·전자,33450,1000,3.08,363657027000
295310,에이치브이엠,KOSDAQ,금속,24000,200,0.84,285646344000
072990,에이치시티,KOSDAQ,일반서비스,9640,-10,-0.10,70249967240
044990,에이치엔에스하이텍,KOSDAQ,전기·전자,16230,-320,-1.93,130425318720
239610,에이치엘사이언스,KOSDAQ,음식료·담배,11230,0,0.00,60553451450
462020,에이치엠씨제6호스팩,KOSDAQ,금융,2015,0,0.00,8755175000
477340,에이치엠씨제7호스팩,KOSDAQ,금융,1989,-2,-0.10,14937390000
148930,에이치와이티씨,KOSDAQ,금속,3900,35,0.91,39683330700
376270,에이치이엠파마,KOSDAQ,일반서비스,21650,650,3.10,150728144350
044780,에이치케이,KOSDAQ,기계·장비,1073,9,0.85,19856709451
357230,에이치피오,KOSDAQ,음식료·담배,2570,0,0.00,108169981590
355690,에이텀,KOSDAQ,전기·전자,7310,-100,-1.35,39510403800
071670,에이테크솔루션,KOSDAQ,기계·장비,6160,30,0.49,61600000000
045660,에이텍,KOSDAQ,전기·전자,33150,1350,4.25,273819000000
224110,에이텍모빌리티,KOSDAQ,전기·전자,20100,960,5.02,107334000000
021080,에이티넘인베스트,KOSDAQ,금융,2095,5,0.24,100560000000
200470,에이팩트,KOSDAQ,전기·전자,2565,110,4.48,108658768545
262260,에이프로,KOSDAQ,전기·전자,5170,-130,-2.45,74800345840
397030,에이프릴바이오,KOSDAQ,일반서비스,16950,370,2.23,381139327200
230240,에치에프알,KOSDAQ,전기·전자,22450,-500,-2.18,298787050000
230360,에코마케팅,KOSDAQ,일반서비스,8980,0,0.00,282582900420
038870,에코바이오,KOSDAQ,일반서비스,3695,70,1.93,51785236555
097780,에코볼트,KOSDAQ,운송장비·부품,946,19,2.05,64072899748
448280,에코아이,KOSDAQ,일반서비스,20550,600,3.01,202973233650
101360,에코앤드림,KOSDAQ,화학,27750,50,0.18,493564663500
128540,에코캡,KOSDAQ,운송장비·부품,1682,122,7.82,44893353720
086520,에코프로,KOSDAQ,금융,59800,2400,4.18,7961672732000
247540,에코프로비엠,KOSDAQ,전기·전자,112500,-3100,-2.68,11002651200000
383310,에코프로에이치엔,KOSDAQ,화학,28200,350,1.26,591493082400
038110,에코플라스틱,KOSDAQ,운송장비·부품,2515,0,0.00,103540965550
073540,에프알텍,KOSDAQ,전기·전자,1481,-1,-0.07,16883400000
064850,에프앤가이드,KOSDAQ,IT 서비스,6960,40,0.58,79415910720
036810,에프에스티,KOSDAQ,전기·전자,21400,650,3.13,465595284600
173940,에프엔씨엔터,KOSDAQ,오락·문화,3170,-50,-1.55,48795201360
083500,에프엔에스테크,KOSDAQ,기계·장비,10380,280,2.77,89015994360
054940,엑사이엔씨,KOSDAQ,건설,746,3,0.40,24747466808
950130,엑세스바이오,KOSDAQ,제약,5110,10,0.20,192789221520
373110,엑셀세라퓨틱스,KOSDAQ,제약,4320,-15,-0.35,47254155840
205100,엑셈,KOSDAQ,IT 서비스,2025,36,1.81,145725947775
356680,엑스게이트,KOSDAQ,IT 서비스,9430,510,5.72,269165129560
070300,엑스큐어,KOSDAQ,IT 서비스,2580,-10,-0.39,25615586760
317770,엑스페릭스,KOSDAQ,전기·전자,4175,265,6.78,100837397250
373200,엑스플러스,KOSDAQ,기타제조,610,17,2.87,54736005770
069920,엑시온그룹,KOSDAQ,유통,636,-4,-0.63,22383457776
092870,엑시콘,KOSDAQ,기계·장비,12480,590,4.96,162873946560
317870,엔바이오니아,KOSDAQ,기타제조,17210,-190,-1.09,146401167500
067570,엔브이에이치코리아,KOSDAQ,운송장비·부품,2145,-5,-0.23,90454650000
236810,엔비티,KOSDAQ,일반서비스,2975,-25,-0.83,50501892350
333620,엔시스,KOSDAQ,전기·전자,8250,190,2.36,87089838000
101400,엔시트론,KOSDAQ,전기·전자,414,-15,-3.50,26790938982
078860,엔에스이엔엠,KOSDAQ,오락·문화,1730,-17,-0.97,91093617100
437780,엔에이치스팩24호,KOSDAQ,금융,2120,0,0.00,10663600000
438580,엔에이치스팩25호,KOSDAQ,금융,2130,0,0.00,6432600000
439410,엔에이치스팩26호,KOSDAQ,금융,2125,5,0.24,18700000000
440820,엔에이치스팩27호,KOSDAQ,금융,2110,5,0.24,16458000000
451700,엔에이치스팩29호,KOSDAQ,금융,2030,5,0.25,29130500000
466910,엔에이치스팩30호,KOSDAQ,금융,1994,-5,-0.25,18145400000
481890,엔에이치스팩31호,KOSDAQ,금융,2010,0,0.00,12753450000
265740,엔에프씨,KOSDAQ,화학,5160,110,2.18,46088088000
354200,엔젠바이오,KOSDAQ,일반서비스,1723,-12,-0.69,34147678682
455900,엔젤로보틱스,KOSDAQ,기계·장비,28850,1850,6.85,432494129350
419080,엔젯,KOSDAQ,기계·장비,9220,230,2.56,97413697940
208860,엔지스테크널러지,KOSDAQ,IT 서비스,2205,0,0.00,67316270805
183490,엔지켐생명과학,KOSDAQ,제약,1255,42,3.46,106757280310
182400,엔케이맥스,KOSDAQ,제약,2020,0,0.00,172748038620
348370,엔켐,KOSDAQ,화학,84000,-1100,-1.29,1780320864000
069410,엔텔스,KOSDAQ,IT 서비스,4015,15,0.38,41132968360
227950,엔투텍,KOSDAQ,기계·장비,371,-3,-0.80,38426521630
291230,엔피,KOSDAQ,일반서비스,1774,-5,-0.28,78225904850
198080,엔피디,KOSDAQ,전기·전자,2360,0,0.00,50823036600
048830,엔피케이,KOSDAQ,화학,1050,-6,-0.57,19660119150
096870,엘디티,KOSDAQ,전기·전자,2575,-45,-1.72,17196880000
290650,엘앤씨바이오,KOSDAQ,제약,22000,-250,-1.12,499067602000
156100,엘앤케이바이오,KOSDAQ,의료·정밀기기,6660,20,0.30,132778708380
073110,엘엠에스,KOSDAQ,전기·전자,6000,0,0.00,53374530000
083310,엘오티베큠,KOSDAQ,기계·장비,10040,690,7.38,178812731320
037950,엘컴텍,KOSDAQ,전기·전자,1024,7,0.69,86474259456
489500,엘케이켐,KOSDAQ,화학,32200,-1150,-3.45,202153403200
170920,엘티씨,KOSDAQ,화학,10220,280,2.82,101456106640
058630,엠게임,KOSDAQ,IT 서비스,4870,5,0.10,95178680990
226590,엠디바이스,KOSDAQ,전기·전자,12110,110,0.92,127975864240
058970,엠로,KOSDAQ,IT 서비스,53800,700,1.32,656972835800
019590,엠벤처투자,KOSDAQ,금융,921,0,0.00,104963185182
169330,엠브레인,KOSDAQ,일반서비스,2300,20,0.88,41990911400
373170,엠아이큐브솔루션,KOSDAQ,IT 서비스,7910,-50,-0.63,39850026300
179290,엠아이텍,KOSDAQ,의료·정밀기기,7700,30,0.39,249215720600
009780,엠에스씨,KOSDAQ,음식료·담배,6220,70,1.14,109472000000
123040,엠에스오토텍,KOSDAQ,운송장비·부품,2515,-15,-0.59,173968115695
432980,엠에프씨,KOSDAQ,제약,4215,-55,-1.29,36214192530
323230,엠에프엠코리아,KOSDAQ,섬유·의류,161,0,0.00,6967193212
413390,엠오티,KOSDAQ,기계·장비,10950,2080,23.45,126802971000
032790,엠젠솔루션,KOSDAQ,유통,1011,0,0.00,43865493453
033160,엠케이전자,KOSDAQ,전기·전자,8260,320,4.03,182267894060
347890,엠투아이,KOSDAQ,의료·정밀기기,5510,0,0.00,93191754040
033310,엠투엔,KOSDAQ,금속,1795,37,2.10,72414304645
259630,엠플러스,KOSDAQ,기계·장비,8210,300,3.79,100838520420
105550,엣지파운드리,KOSDAQ,전기·전자,4405,150,3.53,279870071580
060850,영림원소프트랩,KOSDAQ,IT 서비스,5350,0,0.00,43500850000
143540,영우디에스피,KOSDAQ,기계·장비,633,6,0.96,28231733535
036560,영풍정밀,KOSDAQ,기계·장비,12390,40,0.32,195142500000
265560,영화테크,KOSDAQ,운송장비·부품,7550,70,0.94,80710859000
036000,예림당,KOSDAQ,오락·문화,2700,-35,-1.28,62192547900
250930,예선테크,KOSDAQ,화학,415,-4,-0.95,13695182600
053280,예스24,KOSDAQ,유통,4230,60,1.44,105750000000
122640,예스티,KOSDAQ,기계·장비,12800,-170,-1.31,267905382400
900300,오가닉티코스메틱,KOSDAQ,금융,380,0,0.00,19380845120
045060,오공,KOSDAQ,화학,2575,25,0.98,43625583050
192410,오늘이엔엠,KOSDAQ,전기·전자,729,10,1.39,10377701370
080520,오디텍,KOSDAQ,전기·전자,3080,60,1.99,36179555720
039830,오로라,KOSDAQ,일반서비스,6820,-60,-0.87,73402909800
322310,오로스테크놀로지,KOSDAQ,기계·장비,24500,1800,7.93,229480279000
046120,오르비텍,KOSDAQ,일반서비스,2475,65,2.70,67937477850
475830,오름테라퓨틱,KOSDAQ,제약,30100,3050,11.28,629966451800
014940,오리엔탈정공,KOSDAQ,기계·장비,5200,10,0.19,236983037200
065500,오리엔트정공,KOSDAQ,운송장비·부품,8020,390,5.11,254578154240
010470,오리콤,KOSDAQ,일반서비스,7190,0,0.00,86100609500
417860,오브젠,KOSDAQ,IT 서비스,8270,-10,-0.12,36641177780
352910,오비고,KOSDAQ,IT 서비스,4960,20,0.40,62683497920
053980,오상자이엘,KOSDAQ,IT 서비스,3415,65,1.94,64826203945
036220,오상헬스케어,KOSDAQ,제약,13990,-110,-0.78,202706929840
052420,오성첨단소재,KOSDAQ,화학,1405,15,1.08,126857104370
052300,오션인더블유,KOSDAQ,유통,2405,-115,-4.56,40560668915
039200,오스코텍,KOSDAQ,제약,31700,-450,-1.40,1212467179200
226400,오스테오닉,KOSDAQ,의료·정밀기기,7240,40,0.56,149589991240
031510,오스템,KOSDAQ,운송장비·부품,1089,-1,-0.09,30492000000
368970,오에스피,KOSDAQ,음식료·담배,2485,0,0.00,23225207600
138080,오이솔루션,KOSDAQ,전기·전자,10160,160,1.60,107940805200
080580,오킨스전자,KOSDAQ,전기·전자,5810,40,0.69,104203355130
067170,오텍,KOSDAQ,운송장비·부품,2975,15,0.51,45790024875
353590,오토앤,KOSDAQ,유통,4065,70,1.75,52339192050
173130,오파스넷,KOSDAQ,IT 서비스,8250,120,1.48,107633402250
440320,오픈놀,KOSDAQ,IT 서비스,8160,290,3.68,80008800000
049480,오픈베이스,KOSDAQ,IT 서비스,2370,50,2.16,74471047710
394280,오픈엣지테크놀로지,KOSDAQ,IT 서비스,14090,750,5.62,308396382630
309930,오하임앤컴퍼니,KOSDAQ,유통,1900,-155,-7.54,40452881000
476060,온코닉테라퓨틱스,KOSDAQ,일반서비스,13890,450,3.35,151150424400
382150,온코크로스,KOSDAQ,일반서비스,10500,150,1.45,124760338500
244460,올리패스,KOSDAQ,제약,2200,155,7.58,10347108200
226950,올릭스,KOSDAQ,일반서비스,49700,4400,9.71,925812345500
057540,옴니시스템,KOSDAQ,의료·정밀기기,776,-8,-1.02,47684699480
131030,옵투스제약,KOSDAQ,제약,6660,80,1.22,107580058920
082210,옵트론텍,KOSDAQ,의료·정밀기기,1569,-18,-1.13,52078834806
109080,옵티시스,KOSDAQ,전기·전자,8740,-110,-1.24,49258640000
380540,옵티코어,KOSDAQ,전기·전자,1258,-186,-12.88,37613691768
153710,옵티팜,KOSDAQ,제약,5500,30,0.55,80684769000
432430,와이랩,KOSDAQ,오락·문화,5950,-10,-0.17,97819904000
338840,와이바이오로직스,KOSDAQ,일반서비스,7030,30,0.43,103921087480
122990,와이솔,KOSDAQ,전기·전자,6490,90,1.41,179588249170
232140,와이씨,KOSDAQ,기계·장비,10340,410,4.13,848348919000
112290,와이씨켐,KOSDAQ,화학,25300,550,2.22,255796788500
065530,와이어블,KOSDAQ,통신,1310,17,1.31,69246600000
067900,와이엔텍,KOSDAQ,일반서비스,6270,10,0.16,114111861930
007530,와이엠,KOSDAQ,금속,2220,120,5.71,49404392820
155650,와이엠씨,KOSDAQ,전기·전자,3450,10,0.29,67186535100
273640,와이엠텍,KOSDAQ,전기·전자,10810,360,3.44,118542460000
251370,와이엠티,KOSDAQ,화학,10790,-160,-1.46,176033066560
066430,와이오엠,KOSDAQ,유통,619,49,8.60,24236001644
209640,와이제이링크,KOSDAQ,기계·장비,8800,-140,-1.57,125149842400
096250,와이즈넛,KOSDAQ,IT 서비스,11400,140,1.24,148947976800
273060,와이즈버즈,KOSDAQ,일반서비스,756,-4,-0.53,38147443992
019210,와이지-원,KOSDAQ,금속,5320,180,3.50,178612717080
122870,와이지엔터테인먼트,KOSDAQ,오락·문화,61300,-500,-0.81,1145761303700
332570,와이팜,KOSDAQ,전기·전자,3960,60,1.54,174938227200
079000,와토스코리아,KOSDAQ,화학,5280,50,0.96,38016000000
403490,우듬지팜,KOSDAQ,음식료·담배,1474,-1,-0.07,66643171936
032820,우리기술,KOSDAQ,전기·전자,2010,21,1.06,331001638320
041190,우리기술투자,KOSDAQ,금융,6290,40,0.64,528360000000
115440,우리넷,KOSDAQ,전기·전자,7110,60,0.85,76747416120
046970,우리로,KOSDAQ,유통,1332,5,0.38,58374898668
082850,우리바이오,KOSDAQ,음식료·담배,2485,25,1.02,120414596330
215360,우리산업,KOSDAQ,운송장비·부품,9750,10,0.10,89038589250
072470,우리산업홀딩스,KOSDAQ,운송장비·부품,2455,-5,-0.20,46368422155
073560,우리손에프앤지,KOSDAQ,음식료·담배,1323,5,0.38,91601401689
037400,우리엔터프라이즈,KOSDAQ,유통,1097,7,0.64,28767010562
153490,우리이앤엘,KOSDAQ,전기·전자,711,2,0.28,36602280000
101170,우림피티에스,KOSDAQ,기계·장비,5680,0,0.00,76680000000
066590,우수AMS,KOSDAQ,운송장비·부품,3015,-5,-0.17,117805408560
103840,우양,KOSDAQ,음식료·담배,2895,15,0.52,47380809060
046940,우원개발,KOSDAQ,건설,2720,5,0.18,49162232000
215380,우정바이오,KOSDAQ,일반서비스,1540,-25,-1.60,25917547040
065680,우주일렉트로,KOSDAQ,전기·전자,28300,-700,-2.41,269699000000
018620,우진비앤지,KOSDAQ,제약,885,-1,-0.11,25567024305
457550,우진엔텍,KOSDAQ,일반서비스,18650,560,3.10,172910472350
396470,워트,KOSDAQ,기계·장비,8940,190,2.17,144112800000
307280,원바이오젠,KOSDAQ,제약,1124,-1,-0.09,41541930612
032940,원익,KOSDAQ,유통,3920,130,3.43,71317461600
240810,원익IPS,KOSDAQ,기계·장비,26000,700,2.77,1276181426000
074600,원익QnC,KOSDAQ,비금속,20300,1440,7.64,533646400000
104830,원익머트리얼즈,KOSDAQ,화학,21200,1540,7.83,267289600000
014190,원익큐브,KOSDAQ,유통,1661,32,1.96,58799243866
217820,원익피앤이,KOSDAQ,기계·장비,2375,20,0.85,112704577625
030530,원익홀딩스,KOSDAQ,화학,4805,285,6.31,371128498705
012620,원일특강,KOSDAQ,금속,7170,-20,-0.28,31548000000
382840,원준,KOSDAQ,기계·장비,10620,610,6.09,162184190220
336570,원텍,KOSDAQ,의료·정밀기기,6560,-20,-0.30,586074460640
376980,원티드랩,KOSDAQ,IT 서비스,6330,170,2.76,61749112020
008370,원풍,KOSDAQ,화학,4035,-5,-0.12,48420000000
008290,원풍물산,KOSDAQ,섬유·의류,453,-2,-0.44,18434236587
101160,월덱스,KOSDAQ,전기·전자,19220,1190,6.60,317341285460
336060,웨이버스,KOSDAQ,IT 서비스,1280,-6,-0.47,61638656000
095270,웨이브일렉트로,KOSDAQ,의료·정밀기기,4335,65,1.52,64900394760
289930,웨이비스,KOSDAQ,전기·전자,8900,250,2.89,111424377700
065950,웰크론,KOSDAQ,섬유·의류,2125,0,0.00,59991516750
076080,웰크론한텍,KOSDAQ,건설,1259,30,2.44,28446042404
043590,웰킵스하이텍,KOSDAQ,전기·전자,711,0,0.00,19294237782
196700,웹스,KOSDAQ,화학,1140,0,0.00,16375124160
069080,웹젠,KOSDAQ,IT 서비스,12700,190,1.52,443876226800
053580,웹케시,KOSDAQ,IT 서비스,9990,640,6.84,136226117520
479960,위너스,KOSDAQ,전기·전자,19510,-1640,-7.75,133663010000
071460,위니아,KOSDAQ,전기·전자,613,0,0.00,22047951835
377460,위니아에이드,KOSDAQ,유통,1691,0,0.00,26030247855
044340,위닉스,KOSDAQ,전기·전자,5910,-50,-0.84,105631941750
330350,위더스제약,KOSDAQ,제약,6290,80,1.29,83041454310
348350,위드텍,KOSDAQ,의료·정밀기기,7290,130,1.82,74238444000
112040,위메이드,KOSDAQ,IT 서비스,31150,0,0.00,1057495245450
101730,위메이드맥스,KOSDAQ,IT 서비스,7920,-110,-1.37,656850078720
123420,위메이드플레이,KOSDAQ,IT 서비스,6870,100,1.48,78797814540
065370,위세아이텍,KOSDAQ,IT 서비스,8630,130,1.53,63723523020
038620,위즈코프,KOSDAQ,유통,750,23,3.16,53855924250
299900,위지윅스튜디오,KOSDAQ,오락·문화,1240,-12,-0.96,212100616160
036090,위지트,KOSDAQ,기계·장비,725,11,1.54,85834405900
459100,위츠,KOSDAQ,전기·전자,7810,90,1.17,98187320000
136540,윈스,KOSDAQ,IT 서비스,11000,10,0.09,135077206000
097800,윈팩,KOSDAQ,전기·전자,672,5,0.75,78254553888
192390,윈하이텍,KOSDAQ,금속,3665,90,2.52,40433119285
335870,윙스풋,KOSDAQ,유통,2210,-50,-2.21,36865942620
900340,윙입푸드,KOSDAQ,금융,1663,47,2.91,83700333264
036200,유니셈,KOSDAQ,기계·장비,6880,250,3.77,210969854240
018000,유니슨,KOSDAQ,기계·장비,786,-4,-0.51,132355769304
203450,유니온커뮤니티,KOSDAQ,전기·전자,2870,15,0.53,40406750090
011320,유니크,KOSDAQ,운송장비·부품,3500,5,0.14,67622432500
086390,유니테스트,KOSDAQ,기계·장비,11710,260,2.27,247480615460
241690,유니테크노,KOSDAQ,운송장비·부품,3245,5,0.15,79407440970
142210,유니트론텍,KOSDAQ,유통,5690,50,0.89,109510263480
389680,유디엠텍,KOSDAQ,IT 서비스,684,3,0.44,27368754516
088340,유라클,KOSDAQ,IT 서비스,10340,0,0.00,44772903120
048430,유라테크,KOSDAQ,전기·전자,9380,490,5.51,108057600000
206650,유바이오로직스,KOSDAQ,제약,11860,10,0.08,433296881020
089850,유비벨록스,KOSDAQ,IT 서비스,6350,90,1.44,93536763650
084440,유비온,KOSDAQ,IT 서비스,1067,18,1.72,21033557600
032620,유비케어,KOSDAQ,IT 서비스,3405,25,0.74,177731258295
264450,유비쿼스,KOSDAQ,전기·전자,7190,0,0.00,107263173770
078070,유비쿼스홀딩스,KOSDAQ,금융,10010,-80,-0.79,181688507000
024800,유성티엔에스,KOSDAQ,운송·창고,1862,3,0.16,68990473944
054930,유신,KOSDAQ,일반서비스,22350,350,1.59,67050000000
069330,유아이디,KOSDAQ,전기·전자,1313,15,1.16,18632902483
049520,유아이엘,KOSDAQ,전기·전자,4615,-75,-1.60,100537479640
435380,유안타제10호스팩,KOSDAQ,금융,2110,0,0.00,12090300000
444920,유안타제11호스팩,KOSDAQ,금융,2035,0,0.00,10663400000
446150,유안타제12호스팩,KOSDAQ,금융,2175,30,1.40,10374750000
449020,유안타제13호스팩,KOSDAQ,금융,2050,0,0.00,19946500000
450940,유안타제14호스팩,KOSDAQ,금융,2030,-10,-0.49,9216200000
473050,유안타제15호스팩,KOSDAQ,금융,1999,-6,-0.30,14012990000
474490,유안타제16호스팩,KOSDAQ,금융,2005,5,0.25,11047550000
493790,유안타제17호스팩,KOSDAQ,금융,1987,-1,-0.05,10550970000
430700,유안타제9호스팩,KOSDAQ,금융,2105,0,0.00,11030200000
263770,유에스티,KOSDAQ,금속,2140,60,2.88,50718368080
388720,유일로보틱스,KOSDAQ,기계·장비,67500,3300,5.14,775104255000
340930,유일에너테크,KOSDAQ,기계·장비,2190,185,9.23,74907745500
023410,유진기업,KOSDAQ,비금속,3335,10,0.30,257831728105
056080,유진로봇,KOSDAQ,기계·장비,8380,570,7.30,314351833760
468760,유진스팩10호,KOSDAQ,금융,2095,0,0.00,8882800000
488060,유진스팩11호,KOSDAQ,금융,2015,0,0.00,9510800000
442130,유진스팩9호,KOSDAQ,금융,2120,0,0.00,7335200000
084370,유진테크,KOSDAQ,기계·장비,42850,2050,5.02,981952399700
240600,유진테크놀로지,KOSDAQ,금속,5200,350,7.22,36026385200
221800,유투바이오,KOSDAQ,일반서비스,3240,115,3.68,36570515040
179900,유티아이,KOSDAQ,전기·전자,24550,-50,-0.20,440737041950
263050,유틸렉스,KOSDAQ,제약,1800,5,0.28,66302740800
191410,육일씨엔에쓰,KOSDAQ,전기·전자,1523,1,0.07,17064080365
372170,윤성에프앤씨,KOSDAQ,기계·장비,37400,0,0.00,298416395200
146060,율촌,KOSDAQ,금속,1356,22,1.65,32565146820
072770,율호,KOSDAQ,IT 서비스,1866,97,5.48,131064563304
039020,이건홀딩스,KOSDAQ,종이·목재,3515,-20,-0.57,79385252135
067920,이글루,KOSDAQ,IT 서비스,5320,30,0.57,58499353080
044960,이글벳,KOSDAQ,유통,4470,120,2.76,56509217010
303530,이노뎁,KOSDAQ,IT 서비스,6950,30,0.43,51008128050
296640,이노룰스,KOSDAQ,IT 서비스,6200,-30,-0.48,32105162400
302430,이노메트리,KOSDAQ,기계·장비,9800,-70,-0.71,96365438400
462350,이노스페이스,KOSDAQ,운송장비·부품,20100,50,0.25,188451449400
274400,이노시뮬레이션,KOSDAQ,IT 서비스,4830,-30,-0.62,37769759580
073490,이노와이어리스,KOSDAQ,전기·전자,20200,290,1.46,153597689200
215790,이노인스트루먼트,KOSDAQ,전기·전자,453,8,1.80,18248266497
344860,이노진,KOSDAQ,화학,1666,-9,-0.54,20041980000
088390,이녹스,KOSDAQ,운송장비·부품,8050,20,0.25,75556044200
272290,이녹스첨단소재,KOSDAQ,전기·전자,25300,500,2.02,511759747400
053350,이니텍,KOSDAQ,IT 서비스,6300,-330,-4.98,124682770800
452400,이닉스,KOSDAQ,운송장비·부품,9490,330,3.60,86087851720
264850,이랜시스,KOSDAQ,전기·전자,4965,195,4.09,150412748580
054210,이랜텍,KOSDAQ,전기·전자,5140,155,3.11,129996819400
009730,이렘,KOSDAQ,금속,1130,6,0.53,68863284800
065440,이루온,KOSDAQ,IT 서비스,1565,5,0.32,42685406300
115610,이미지스,KOSDAQ,전기·전자,1902,0,0.00,31668781206
478110,이베스트스팩6호,KOSDAQ,금융,2020,0,0.00,10140400000
131400,이브이첨단소재,KOSDAQ,전기·전자,1847,22,1.21,110062512054
351330,이삭엔지니어링,KOSDAQ,IT 서비스,7630,200,2.69,63241407600
080010,이상네트웍스,KOSDAQ,유통,5280,-30,-0.56,51929174880
086890,이수앱지스,KOSDAQ,제약,5350,-250,-4.46,192271633050
047560,이스트소프트,KOSDAQ,IT 서비스,18930,410,2.21,219921963060
900110,이스트아시아홀딩스,KOSDAQ,금융,48,-1,-2.04,26047228224
239340,이스트에이드,KOSDAQ,IT 서비스,1518,57,3.90,40955084412
067010,이씨에스,KOSDAQ,IT 서비스,2940,0,0.00,36144360000
418620,이에이트,KOSDAQ,IT 서비스,3750,50,1.35,36189288750
456070,이엔셀,KOSDAQ,제약,16900,-500,-2.87,181999091300
102710,이엔에프테크놀로지,KOSDAQ,화학,25100,600,2.45,358624683600
041520,이엘씨,KOSDAQ,유통,6170,370,6.38,75204464100
063760,이엘피,KOSDAQ,의료·정밀기기,1986,-39,-1.93,18519708180
123570,이엠넷,KOSDAQ,일반서비스,2430,0,0.00,54130869540
083470,이엠앤아이,KOSDAQ,화학,1250,-16,-1.26,26675411250
095190,이엠코리아,KOSDAQ,금속,2260,-20,-0.88,147488644120
091120,이엠텍,KOSDAQ,전기·전자,16430,-700,-4.09,281494138480
039030,이오테크닉스,KOSDAQ,기계·장비,135400,900,0.67,1668067070000
294090,이오플로우,KOSDAQ,의료·정밀기기,1773,-312,-14.96,60821648010
088290,이원컴포텍,KOSDAQ,운송장비·부품,1380,-30,-2.13,43237703220
353810,이지바이오,KOSDAQ,음식료·담배,4800,155,3.34,164120256000
099750,이지케어텍,KOSDAQ,IT 서비스,18030,160,0.90,123231011280
377330,이지트로닉스,KOSDAQ,전기·전자,5300,170,3.31,43141756200
035810,이지홀딩스,KOSDAQ,음식료·담배,2775,25,0.91,180779719875
092130,이크레더블,KOSDAQ,IT 서비스,13250,50,0.38,159577700000
096040,이트론,KOSDAQ,유통,271,0,0.00,245561580945
134060,이퓨쳐,KOSDAQ,오락·문화,3965,-5,-0.13,18910076250
001840,이화공영,KOSDAQ,건설,1853,-21,-1.12,41291577508
024810,이화전기,KOSDAQ,전기·전자,899,0,0.00,196834827360
041830,인바디,KOSDAQ,의료·정밀기기,23300,-50,-0.21,318832120600
352940,인바이오,KOSDAQ,화학,2235,10,0.45,24289376550
079950,인베니아,KOSDAQ,기계·장비,671,-22,-3.17,15567200000
389470,인벤티지랩,KOSDAQ,일반서비스,14080,-470,-3.23,141434656000
277410,인산가,KOSDAQ,음식료·담배,1256,1,0.08,48176126984
060150,인선이엔티,KOSDAQ,일반서비스,4995,55,1.11,232585241940
033230,인성정보,KOSDAQ,IT 서비스,1696,-5,-0.29,85674084480
450520,인스웨이브시스템즈,KOSDAQ,IT 서비스,4150,20,0.48,61023998700
465480,인스피언,KOSDAQ,IT 서비스,7910,270,3.53,80189776520
037330,인지디스플레,KOSDAQ,전기·전자,1353,0,0.00,59376708072
100030,인지소프트,KOSDAQ,IT 서비스,16000,0,0.00,52539424000
211050,인카금융서비스,KOSDAQ,금융,5990,30,0.50,307765002000
083640,인콘,KOSDAQ,유통,262,9,3.56,20362731962
064090,인크레더블버즈,KOSDAQ,유통,2665,85,3.29,132564415425
216050,인크로스,KOSDAQ,일반서비스,7310,10,0.14,93883952820
049070,인탑스,KOSDAQ,전기·전자,17850,240,1.36,307020000000
119610,인터로조,KOSDAQ,의료·정밀기기,24900,0,0.00,329090302200
017250,인터엠,KOSDAQ,전기·전자,1118,-7,-0.62,23528832106
051370,인터플렉스,KOSDAQ,전기·전자,9360,200,2.18,218345137920
064290,인텍플러스,KOSDAQ,기계·장비,11550,310,2.76,148578761100
189300,인텔리안테크,KOSDAQ,전기·전자,41700,600,1.46,447580027800
150840,인트로메딕,KOSDAQ,의료·정밀기기,5850,0,0.00,251537720850
048530,인트론바이오,KOSDAQ,제약,4090,40,0.99,139676616580
115310,인포바인,KOSDAQ,통신,35650,-950,-2.60,113826278950
039290,인포뱅크,KOSDAQ,IT 서비스,6520,160,2.52,56684736560
071200,인피니트헬스케어,KOSDAQ,IT 서비스,5290,-10,-0.19,129057262820
101930,인화정공,KOSDAQ,운송장비·부품,30700,100,0.33,295203003100
333430,일승,KOSDAQ,운송장비·부품,4900,140,2.94,150561060300
068330,일신바이오,KOSDAQ,기계·장비,1024,4,0.39,45277327360
178780,일월지엠엘,KOSDAQ,유통,3065,-5,-0.16,53175282675
019540,일지테크,KOSDAQ,운송장비·부품,3845,-210,-5.18,51959407500
094820,일진파워,KOSDAQ,건설,9170,220,2.46,138271761530
950140,잉글우드랩,KOSDAQ,화학,7860,-20,-0.25,156161426760
049550,잉크테크,KOSDAQ,화학,3735,-50,-1.32,73229444595
389020,자람테크놀로지,KOSDAQ,전기·전자,40900,400,0.99,253487157000
254120,자비스,KOSDAQ,기계·장비,1557,-13,-0.83,47884398390
043910,자연과환경,KOSDAQ,비금속,564,-1,-0.18,63952781748
234920,자이글,KOSDAQ,전기·전자,3390,65,1.95,45869784900
289220,자이언트스텝,KOSDAQ,오락·문화,6000,120,2.04,133873326000
174880,장원테크,KOSDAQ,전기·전자,2650,0,0.00,11610352250
049630,재영솔루텍,KOSDAQ,의료·정밀기기,714,8,1.13,59739313998
417840,저스템,KOSDAQ,기계·장비,8600,200,2.38,62342905000
110020,전진바이오팜,KOSDAQ,화학,2680,10,0.37,24277482160
208140,정다운,KOSDAQ,음식료·담배,2530,60,2.43,82691142380
040420,정상제이엘에스,KOSDAQ,일반서비스,5630,10,0.18,88264617760
045510,정원엔시스,KOSDAQ,유통,793,21,2.72,25541968556
217190,제너셈,KOSDAQ,기계·장비,8360,220,2.70,73310294640
095700,제넥신,KOSDAQ,일반서비스,4065,-10,-0.25,185122108110
072520,제넨바이오,KOSDAQ,유통,389,0,0.00,28849482466
122310,제노레이,KOSDAQ,의료·정밀기기,5740,20,0.35,83539064560
361390,제노코,KOSDAQ,전기·전자,19100,160,0.84,143265069900
225220,제놀루션,KOSDAQ,제약,2330,15,0.65,44712748930
123330,제닉,KOSDAQ,화학,24050,550,2.34,191646754000
381620,제닉스,KOSDAQ,기계·장비,10230,110,1.09,134196321600
159580,제로투세븐,KOSDAQ,유통,5680,190,3.46,113785372480
147830,제룡산업,KOSDAQ,금속,5960,140,2.41,119200000000
033100,제룡전기,KOSDAQ,전기·전자,38250,750,2.00,614387144250
079370,제우스,KOSDAQ,기계·장비,16020,680,4.43,496892179800
054950,제이브이엠,KOSDAQ,기계·장비,22450,250,1.13,271418075400
023440,제이스코홀딩스,KOSDAQ,금속,1830,17,0.94,128067248490
090470,제이스텍,KOSDAQ,기계·장비,4830,60,1.26,84411949020
137950,제이씨케미칼,KOSDAQ,화학,4150,-20,-0.48,92411428100
033320,제이씨현시스템,KOSDAQ,유통,5270,20,0.38,100733056640
417500,제이아이테크,KOSDAQ,화학,3460,90,2.67,113435214240
204270,제이앤티씨,KOSDAQ,전기·전자,18660,450,2.47,1079452375560
026040,제이에스티나,KOSDAQ,기타제조,1901,21,1.12,31373704790
452160,제이엔비,KOSDAQ,기계·장비,5670,130,2.35,54531378090
126880,제이엔케이글로벌,KOSDAQ,기계·장비,4085,70,1.74,94792028755
322510,제이엘케이,KOSDAQ,IT 서비스,7810,330,4.41,199380646520
033050,제이엠아이,KOSDAQ,화학,814,-10,-1.21,26519584388
094970,제이엠티,KOSDAQ,전기·전자,2520,0,0.00,42205564800
418550,제이오,KOSDAQ,일반서비스,11140,710,6.81,356676877220
420570,제이투케이바이오,KOSDAQ,화학,12660,-140,-1.09,72577336620
089790,제이티,KOSDAQ,기계·장비,4285,55,1.30,44201973205
052670,제일바이오,KOSDAQ,제약,2080,0,0.00,60588453120
412540,제일엠앤에스,KOSDAQ,기계·장비,7070,390,5.84,145646701550
199820,제일일렉트릭,KOSDAQ,전기·전자,10200,160,1.59,226644000000
038010,제일테크노스,KOSDAQ,금속,6300,-20,-0.32,56700000000
276730,제주맥주,KOSDAQ,음식료·담배,2185,-75,-3.32,34255022860
080220,제주반도체,KOSDAQ,전기·전자,15500,450,2.99,533863911500
216080,제테마,KOSDAQ,제약,6880,0,0.00,246610283840
229000,젠큐릭스,KOSDAQ,제약,1780,-6,-0.34,28127508380
082270,젬백스,KOSDAQ,기계·장비,39300,-300,-0.76,1571771038200
044060,조광ILI,KOSDAQ,기계·장비,732,0,0.00,70075958688
034940,조아제약,KOSDAQ,제약,1112,32,2.96,34449567624
067000,조이시티,KOSDAQ,IT 서비스,1609,14,0.88,112474644614
033340,좋은사람들,KOSDAQ,섬유·의류,661,36,5.76,64084318838
036930,주성엔지니어링,KOSDAQ,기계·장비,33850,700,2.11,1600032665850
072020,중앙백신,KOSDAQ,제약,10110,150,1.51,97649325570
000440,중앙에너비스,KOSDAQ,유통,13980,30,0.22,87055277400
051980,중앙첨단소재,KOSDAQ,전기·전자,4415,-285,-6.06,447485411085
228760,지노믹트리,KOSDAQ,일반서비스,18620,320,1.75,453626640460
314130,지놈앤컴퍼니,KOSDAQ,제약,2420,5,0.21,75226946300
389030,지니너스,KOSDAQ,일반서비스,1315,15,1.15,43857676175
043610,지니뮤직,KOSDAQ,오락·문화,2130,65,3.15,123785882940
263860,지니언스,KOSDAQ,IT 서비스,10930,300,2.82,99240028000
303030,지니틱스,KOSDAQ,전기·전자,941,9,0.97,33636673588
036180,지더블유바이텍,KOSDAQ,유통,577,0,0.00,53929030348
208350,지란지교시큐리티,KOSDAQ,IT 서비스,2780,-5,-0.18,24571166220
144510,지씨셀,KOSDAQ,일반서비스,22950,450,2.00,362617894800
358570,지아이이노베이션,KOSDAQ,일반서비스,15530,-420,-2.63,688053528470
382480,지아이텍,KOSDAQ,기계·장비,2265,60,2.72,89143922100
382800,지앤비에스 에코,KOSDAQ,기계·장비,3705,-80,-2.11,117934006905
051160,지어소프트,KOSDAQ,IT 서비스,8050,310,4.01,124569161500
053050,지에스이,KOSDAQ,전기·가스·수도,2920,-5,-0.17,87563783240
119850,지엔씨에너지,KOSDAQ,전기·전자,16800,-60,-0.36,276341671200
065060,지엔코,KOSDAQ,섬유·의류,245,-2,-0.81,26461970780
204840,지엘팜텍,KOSDAQ,유통,922,7,0.77,70961919932
311320,지오엘리먼트,KOSDAQ,전기·전자,7620,370,5.10,96122947200
388050,지투파워,KOSDAQ,전기·전자,7450,200,2.76,139385305650
018120,진로발효,KOSDAQ,음식료·담배,17190,-20,-0.12,113817052800
109820,진매트릭스,KOSDAQ,일반서비스,2455,-5,-0.20,50066386200
086060,진바이오텍,KOSDAQ,유통,3235,100,3.19,27855248945
036890,진성티이씨,KOSDAQ,기계·장비,9980,-110,-1.09,224373034640
363250,진시스템,KOSDAQ,의료·정밀기기,10190,-160,-1.55,71664211620
007370,진양제약,KOSDAQ,제약,6120,80,1.32,79567503120
285800,진영,KOSDAQ,화학,2190,40,1.86,38275221300
085660,차바이오텍,KOSDAQ,제약,11710,260,2.27,659442127530
261780,차백신연구소,KOSDAQ,일반서비스,2955,45,1.55,79267130340
351870,차이커뮤니케이션,KOSDAQ,일반서비스,8780,70,0.80,97990436760
094850,참좋은여행,KOSDAQ,일반서비스,5580,-20,-0.36,78120000000
004650,창해에탄올,KOSDAQ,음식료·담배,8890,0,0.00,81706967650
278280,천보,KOSDAQ,화학,36650,-350,-0.95,366500000000
362320,청담글로벌,KOSDAQ,유통,5530,80,1.47,113648633700
066360,체리부로,KOSDAQ,음식료·담배,836,1,0.12,40087884540
047820,초록뱀미디어,KOSDAQ,오락·문화,5400,0,0.00,132051222000
094360,칩스앤미디어,KOSDAQ,전기·전자,17910,1490,9.07,372942150840
016920,카스,KOSDAQ,유통,2115,105,5.22,56033832870
284620,카이노스메드,KOSDAQ,일반서비스,1242,6,0.49,35000544906
293490,카카오게임즈,KOSDAQ,IT 서비스,15600,-290,-1.83,1292716417200
140430,카티스,KOSDAQ,IT 서비스,2050,-5,-0.24,39159548950
042000,카페24,KOSDAQ,IT 서비스,55700,1300,2.39,1350895107800
313760,캐리,KOSDAQ,전기·전자,3620,210,6.16,36862195740
317530,캐리소프트,KOSDAQ,오락·문화,6690,250,3.88,67163947260
071850,캐스텍코리아,KOSDAQ,운송장비·부품,1500,-48,-3.10,36391407000
210120,캔버스엔,KOSDAQ,오락·문화,3035,165,5.75,71573206175
050110,캠시스,KOSDAQ,전기·전자,716,-3,-0.42,52858068488
452300,캡스톤파트너스,KOSDAQ,금융,2825,75,2.73,39822273500
451760,컨텍,KOSDAQ,IT 서비스,11100,120,1.09,166405383600
900310,컬러레이,KOSDAQ,금융,865,6,0.70,55396048875
078340,컴투스,KOSDAQ,IT 서비스,45350,800,1.80,577657189250
063080,컴투스홀딩스,KOSDAQ,IT 서비스,23750,300,1.28,156635810000
307930,컴퍼니케이,KOSDAQ,금융,5220,60,1.16,81484200000
079190,케스피온,KOSDAQ,전기·전자,476,5,1.06,18257224664
263700,케어랩스,KOSDAQ,일반서비스,2300,-20,-0.86,44652660000
214370,케어젠,KOSDAQ,제약,26650,1600,6.39,1431504750000
221980,케이디켐,KOSDAQ,화학,10900,20,0.18,43979320000
038530,케이바이오,KOSDAQ,유통,235,2,0.86,27192871545
192250,케이사인,KOSDAQ,IT 서비스,8050,40,0.50,56890356250
431190,케이쓰리아이,KOSDAQ,IT 서비스,4480,15,0.34,33539260160
115500,케이씨에스,KOSDAQ,IT 서비스,12460,10,0.08,149520000000
089150,케이씨티,KOSDAQ,IT 서비스,2255,0,0.00,38673250000
025880,케이씨피드,KOSDAQ,음식료·담배,2930,25,0.86,48977463940
093320,케이아이엔엑스,KOSDAQ,IT 서비스,74800,800,1.08,365024000000
093640,케이알엠,KOSDAQ,전기·전자,4000,20,0.50,130426896000
073010,케이에스피,KOSDAQ,기계·장비,4220,-35,-0.82,169607075000
105330,케이엔더블유,KOSDAQ,운송장비·부품,3545,5,0.14,56932799260
053080,케이엔솔,KOSDAQ,기계·장비,13300,160,1.22,172897433100
199430,케이엔알시스템,KOSDAQ,의료·정밀기기,9320,370,4.13,101287085160
432470,케이엔에스,KOSDAQ,기계·장비,13000,550,4.42,112769228000
272110,케이엔제이,KOSDAQ,전기·전자,16140,430,2.74,129529875300
039420,케이엘넷,KOSDAQ,통신,2540,10,0.40,61353014200
083550,케이엠,KOSDAQ,섬유·의류,3050,-35,-1.13,37741389300
032500,케이엠더블유,KOSDAQ,전기·전자,7520,210,2.87,299453040160
225430,케이엠제약,KOSDAQ,화학,552,-18,-3.16,15393651600
102370,케이옥션,KOSDAQ,유통,3365,-5,-0.15,91626291650
068100,케이웨더,KOSDAQ,기계·장비,3060,-40,-1.29,30415218840
106080,케이이엠텍,KOSDAQ,전기·전자,2075,75,3.75,52156089875
036030,케이티알파,KOSDAQ,유통,3720,30,0.81,182351732760
064820,케이프,KOSDAQ,운송장비·부품,6310,-30,-0.47,194989903680
256940,케이피에스,KOSDAQ,기계·장비,8600,-40,-0.46,161238458800
024880,케이피에프,KOSDAQ,금속,4245,80,1.92,87798477510
042040,케이피엠테크,KOSDAQ,유통,239,-1,-0.42,46367168710
054410,케이피티유,KOSDAQ,금속,3410,15,0.44,19527174040
258610,케일럼,KOSDAQ,금속,1349,34,2.59,36135842417
274090,켄코아에어로스페이스,KOSDAQ,운송장비·부품,13840,-60,-0.43,181369740000
089010,켐트로닉스,KOSDAQ,화학,31050,300,0.98,476131443300
220260,켐트로스,KOSDAQ,화학,4670,25,0.54,124027293690
052400,코나아이,KOSDAQ,IT 서비스,27950,750,2.76,407043983450
402030,코난테크놀로지,KOSDAQ,IT 서비스,22500,1250,5.88,258013980000
391710,코닉오토메이션,KOSDAQ,기계·장비,1695,40,2.42,71300320770
046070,코다코,KOSDAQ,운송장비·부품,10280,0,0.00,146172317160
047770,코데즈컴바인,KOSDAQ,섬유·의류,1363,-20,-1.45,51579466526
080530,코디,KOSDAQ,화학,1313,-5,-0.38,56853460651
104540,코렌텍,KOSDAQ,의료·정밀기기,6220,-50,-0.80,79527302800
027050,코리아나,KOSDAQ,화학,2450,-20,-0.81,98000000000
190650,코리아에셋투자증권,KOSDAQ,금융,5930,10,0.17,37880840000
123410,코리아에프티,KOSDAQ,운송장비·부품,4940,10,0.20,137534856160
036690,코맥스,KOSDAQ,전기·전자,2885,0,0.00,45885746130
049430,코메론,KOSDAQ,의료·정밀기기,10870,280,2.64,98351760000
183300,코미코,KOSDAQ,기계·장비,55500,6250,12.69,580567962000
041960,코미팜,KOSDAQ,제약,4140,25,0.61,292376044620
089890,코세스,KOSDAQ,기계·장비,7950,240,3.11,131850447900
360350,코셈,KOSDAQ,의료·정밀기기,7370,-90,-1.21,42045628900
082660,코스나인,KOSDAQ,화학,480,0,0.00,47827617120
222040,코스맥스엔비티,KOSDAQ,음식료·담배,3500,10,0.29,72198000000
241710,코스메카코리아,KOSDAQ,화학,44450,-600,-1.33,474726000000
355150,코스텍시스,KOSDAQ,전기·전자,6910,100,1.47,53879688500
166480,코아스템켐온,KOSDAQ,제약,3630,-90,-2.42,119319464880
045970,코아시아,KOSDAQ,전기·전자,3350,70,2.13,88154834600
196450,코아시아씨엠,KOSDAQ,의료·정밀기기,592,5,0.85,26829192544
384470,코어라인소프트,KOSDAQ,IT 서비스,9330,980,11.74,119807127120
029960,코엔텍,KOSDAQ,전기·가스·수도,8630,-30,-0.35,431500000000
102940,코오롱생명과학,KOSDAQ,제약,36800,500,1.38,457180641600
950160,코오롱티슈진,KOSDAQ,제약,51700,2700,5.51,4214779426000
033290,코웰패션,KOSDAQ,유통,2135,35,1.67,119893702635
056360,코위버,KOSDAQ,전기·전자,5930,-60,-1.00,58095024000
282880,코윈테크,KOSDAQ,기계·장비,14880,230,1.57,165790088160
121850,코이즈,KOSDAQ,화학,1494,68,4.77,45737577450
448710,코츠테크놀로지,KOSDAQ,전기·전자,18850,0,0.00,99162102650
126730,코칩,KOSDAQ,전기·전자,12310,40,0.33,104677592600
015710,코콤,KOSDAQ,전기·전자,4055,10,0.25,71086177500
052330,코텍,KOSDAQ,전기·전자,8960,120,1.36,148083479040
322780,코퍼스코리아,KOSDAQ,오락·문화,806,-13,-1.59,30573686078
200130,콜마비앤에이치,KOSDAQ,제약,12580,310,2.53,370047719640
294570,쿠콘,KOSDAQ,IT 서비스,19360,100,0.52,198530701600
317690,퀀타매트릭스,KOSDAQ,의료·정밀기기,4595,15,0.33,80722230570
227100,퀀텀온,KOSDAQ,부동산,612,0,0.00,14770119384
432720,퀄리타스반도체,KOSDAQ,전기·전자,16490,150,0.92,229692376080
365270,큐라클,KOSDAQ,일반서비스,6800,50,0.74,94986473200
348080,큐라티스,KOSDAQ,일반서비스,666,-24,-3.48,38603267424
060280,큐렉소,KOSDAQ,유통,9420,1200,14.60,387067705800
372320,큐로셀,KOSDAQ,일반서비스,29000,50,0.17,411779497000
051780,큐로홀딩스,KOSDAQ,유통,617,-32,-4.93,8417265165
115180,큐리언트,KOSDAQ,일반서비스,7280,530,7.85,235120631200
445680,큐리옥스바이오시스템즈,KOSDAQ,의료·정밀기기,15210,830,5.77,245625985800
182360,큐브엔터,KOSDAQ,오락·문화,15710,10,0.06,228919160470
405100,큐알티,KOSDAQ,일반서비스,13160,220,1.70,161727201160
066310,큐에스아이,KOSDAQ,전기·전자,9390,-10,-0.11,87060521190
016600,큐캐피탈,KOSDAQ,금융,257,-10,-3.75,45809507784
355390,크라우드웍스,KOSDAQ,IT 서비스,7020,-20,-0.28,62744310720
096240,크레버스,KOSDAQ,일반서비스,15240,10,0.07,169745863200
040350,크레오에스지,KOSDAQ,IT 서비스,480,19,4.12,92738555040
110790,크리스에프앤씨,KOSDAQ,섬유·의류,4745,5,0.11,111179905200
900250,크리스탈신소재,KOSDAQ,금융,906,0,0.00,118359843624
045520,크린앤사이언스,KOSDAQ,기계·장비,4900,-100,-2.00,31850000000
036170,클라우드에어,KOSDAQ,전기·전자,990,21,2.17,60751969740
214150,클래시스,KOSDAQ,의료·정밀기기,61300,1300,2.17,4015496896700
466100,클로봇,KOSDAQ,IT 서비스,21650,1050,5.10,533701489350
352770,클리노믹스,KOSDAQ,일반서비스,640,48,8.11,24887112320
237880,클리오,KOSDAQ,화학,22200,400,1.83,401184036600
139670,키네마스터,KOSDAQ,IT 서비스,2585,60,2.38,36497123850
487720,키움제10호스팩,KOSDAQ,금융,2040,0,0.00,8629200000
489480,키움제11호스팩,KOSDAQ,금융,1998,0,0.00,13186800000
446840,키움제8호스팩,KOSDAQ,금융,2130,0,0.00,12524400000
054780,키이스트,KOSDAQ,오락·문화,4255,25,0.59,83175859215
219130,타이거일렉,KOSDAQ,전기·전자,12910,-230,-1.75,81517483900
336680,탑런토탈솔루션,KOSDAQ,전기·전자,9240,20,0.22,180852477960
360070,탑머티리얼,KOSDAQ,전기·전자,30600,500,1.66,248207095800
065130,탑엔지니어링,KOSDAQ,기계·장비,4415,35,0.80,75893770530
134580,탑코미디어,KOSDAQ,IT 서비스,2035,15,0.74,44822435845
023160,태광,KOSDAQ,금속,24100,550,2.34,638650000000
323280,태성,KOSDAQ,기계·장비,30150,-100,-0.33,917788009500
053620,태양,KOSDAQ,금속,6400,100,1.59,55040000000
044490,태웅,KOSDAQ,금속,15850,550,3.59,317116988850
124560,태웅로직스,KOSDAQ,운송·창고,3030,15,0.50,116402249520
191420,테고사이언스,KOSDAQ,제약,16810,230,1.39,136309499540
073640,테라사이언스,KOSDAQ,금속,654,0,0.00,69571715580
066700,테라젠이텍스,KOSDAQ,제약,3125,10,0.32,101482609375
095610,테스,KOSDAQ,기계·장비,23800,800,3.48,470483778800
064520,테크엘,KOSDAQ,전기·전자,2340,25,1.08,52301485080
089030,테크윙,KOSDAQ,기계·장비,35600,1100,3.19,1329789762000
054450,텔레칩스,KOSDAQ,전기·전자,15100,570,3.92,228677918300
200230,텔콘RF제약,KOSDAQ,제약,3850,70,1.85,46296338550
393210,토마토시스템,KOSDAQ,IT 서비스,6440,-170,-2.57,100557663360
475960,토모큐브,KOSDAQ,의료·정밀기기,15660,-30,-0.19,204325322040
215480,토박스코리아,KOSDAQ,유통,2320,45,1.98,21808000000
051360,토비스,KOSDAQ,전기·전자,18050,370,2.09,290010396900
045340,토탈소프트,KOSDAQ,IT 서비스,8520,390,4.80,72914500800
108230,톱텍,KOSDAQ,기계·장비,4485,55,1.24,170534253825
079970,투비소프트,KOSDAQ,IT 서비스,736,-34,-4.42,7286132096
199800,툴젠,KOSDAQ,일반서비스,32000,-4550,-12.45,273803360000
417790,트루엔,KOSDAQ,전기·전자,10020,190,1.93,110216493000
290090,트윔,KOSDAQ,IT 서비스,7700,-200,-2.53,57251563600
026150,특수건설,KOSDAQ,건설,6450,20,0.31,113173834950
464280,티디에스팜,KOSDAQ,제약,14020,360,2.64,77530600000
322180,티라유텍,KOSDAQ,IT 서비스,6100,420,7.39,127624102400
117730,티로보틱스,KOSDAQ,기계·장비,15790,1690,11.99,286941595980
033830,티비씨,KOSDAQ,오락·문화,790,5,0.64,79000000000
057680,티사이언티픽,KOSDAQ,IT 서비스,869,1,0.12,61914947369
204610,티쓰리,KOSDAQ,IT 서비스,1778,-32,-1.77,114364018160
064760,티씨케이,KOSDAQ,비금속,91200,4400,5.07,1064760000000
246710,티앤알바이오팹,KOSDAQ,제약,3270,90,2.83,70458127560
340570,티앤엘,KOSDAQ,제약,76300,2100,2.83,620166400000
043220,티에스넥스젠,KOSDAQ,기계·장비,224,-11,-4.68,35666212512
277880,티에스아이,KOSDAQ,기계·장비,6350,140,2.25,128021283200
131290,티에스이,KOSDAQ,의료·정밀기기,50400,1150,2.34,557496021600
425420,티에프이,KOSDAQ,전기·전자,19550,990,5.33,222498550000
131100,티엔엔터테인먼트,KOSDAQ,오락·문화,1557,7,0.45,43671128364
356860,티엘비,KOSDAQ,전기·전자,19600,580,3.05,192719548000
321550,티움바이오,KOSDAQ,일반서비스,3330,35,1.06,88951729230
425040,티이엠씨,KOSDAQ,화학,7490,420,5.94,159657304380
241790,티이엠씨씨엔에스,KOSDAQ,기계·장비,5780,80,1.40,57815224520
104480,티케이케미칼,KOSDAQ,화학,1410,4,0.28,128162561940
081150,티플랙스,KOSDAQ,금속,3165,-25,-0.78,76809492330
130740,티피씨글로벌,KOSDAQ,운송장비·부품,1750,-14,-0.79,19734188250
084730,팅크웨어,KOSDAQ,전기·전자,10420,200,1.96,115760198080
440110,파두,KOSDAQ,전기·전자,13940,120,0.87,688757180420
033540,파라텍,KOSDAQ,기계·장비,1557,-3,-0.19,58778405091
388870,파로스아이바이오,KOSDAQ,일반서비스,7120,150,2.15,92175035840
043200,파루,KOSDAQ,전기·전자,505,0,0.00,21111179075
214450,파마리서치,KOSDAQ,제약,335500,11000,3.39,3525970800000
208340,파멥신,KOSDAQ,제약,2915,0,0.00,233786229820
177830,파버나인,KOSDAQ,전기·전자,3000,0,0.00,39866259000
037070,파세코,KOSDAQ,전기·전자,5560,40,0.72,111200000000
150900,파수,KOSDAQ,IT 서비스,4620,-10,-0.22,53986649640
037030,파워넷,KOSDAQ,전기·전자,2440,10,0.41,53384696560
047310,파워로직스,KOSDAQ,전기·전자,4825,10,0.21,176646892875
368770,파이버프로,KOSDAQ,의료·정밀기기,7910,-310,-3.77,259876919750
170790,파이오링크,KOSDAQ,전기·전자,7650,-150,-1.92,52450924500
049120,파인디앤씨,KOSDAQ,전기·전자,1005,5,0.50,52272807720
038950,파인디지털,KOSDAQ,전기·전자,3165,10,0.32,32317071225
387570,파인메딕스,KOSDAQ,의료·정밀기기,11100,130,1.19,62447490000
441270,파인엠텍,KOSDAQ,전기·전자,5450,200,3.81,201584060450
106240,파인테크닉스,KOSDAQ,전기·전자,1320,-122,-8.46,21408736800
131760,파인텍,KOSDAQ,기계·장비,1015,12,1.20,44083056745
065690,파커스,KOSDAQ,화학,924,7,0.76,12981581844
140860,파크시스템스,KOSDAQ,의료·정밀기기,200500,7400,3.83,1401009188500
091700,파트론,KOSDAQ,전기·전자,6940,30,0.43,395580000000
032800,판타지오,KOSDAQ,오락·문화,595,6,1.02,27344449510
318010,팜스빌,KOSDAQ,음식료·담배,3575,45,1.27,28347383350
027710,팜스토리,KOSDAQ,음식료·담배,1252,17,1.38,139493583200
225590,패션플랫폼,KOSDAQ,섬유·의류,908,6,0.67,24186135404
054300,팬스타엔터프라이즈,KOSDAQ,기계·장비,540,11,2.08,36183399840
068050,팬엔터테인먼트,KOSDAQ,오락·문화,3930,500,14.58,108837718680
222110,팬젠,KOSDAQ,제약,5030,-20,-0.40,64877930910
271830,팸텍,KOSDAQ,기계·장비,1570,10,0.64,46299617140
263750,펄어비스,KOSDAQ,IT 서비스,31250,350,1.13,2007745468750
251970,펌텍코리아,KOSDAQ,화학,47450,1550,3.38,588380000000
168360,펨트론,KOSDAQ,기계·장비,12160,790,6.95,258865533440
087010,펩트론,KOSDAQ,제약,88000,-500,-0.56,2050166800000
064800,포니링크,KOSDAQ,유통,1116,0,0.00,142632944568
119500,포메탈,KOSDAQ,금속,3655,0,0.00,43301632960
389140,포바이포,KOSDAQ,오락·문화,7200,200,2.86,80011692000
105760,포스뱅크,KOSDAQ,기계·장비,6220,20,0.32,58862721200
009520,포스코엠텍,KOSDAQ,금속,14200,-390,-2.67,591326382600
189690,포시에스,KOSDAQ,IT 서비스,2150,15,0.70,58742233350
318020,포인트모바일,KOSDAQ,전기·전자,2990,90,3.10,37860193280
256630,포인트엔지니어링,KOSDAQ,금속,1190,-3,-0.25,69016515680
331380,포커스에이치엔에스,KOSDAQ,전기·전자,1895,-27,-1.40,43064731540
472850,폰드그룹,KOSDAQ,섬유·의류,5760,130,2.31,186301054080
039980,폴라리스AI,KOSDAQ,IT 서비스,2690,35,1.32,194641696520
041910,폴라리스AI파마,KOSDAQ,제약,6360,-20,-0.31,85870220520
234100,폴라리스세원,KOSDAQ,운송장비·부품,1082,9,0.84,70897319650
041020,폴라리스오피스,KOSDAQ,IT 서비스,5860,-80,-1.35,291391418280
114630,폴라리스우노,KOSDAQ,화학,497,-6,-1.19,38645501356
290720,푸드나무,KOSDAQ,유통,2310,20,0.87,53396629440
005670,푸드웰,KOSDAQ,음식료·담배,5000,45,0.91,50000000000
094940,푸른기술,KOSDAQ,전기·전자,7130,50,0.71,59616682180
057880,푸른소나무,KOSDAQ,유통,8790,0,0.00,216061434720
007330,푸른저축은행,KOSDAQ,금융,8170,10,0.12,123226476000
093380,풍강,KOSDAQ,금속,2520,15,0.60,24895868760
023900,풍국주정,KOSDAQ,음식료·담배,9070,30,0.33,114282000000
371950,풍원정밀,KOSDAQ,전기·전자,13340,350,2.69,280680109920
370090,퓨런티어,KOSDAQ,의료·정밀기기,18310,400,2.23,156675557300
445180,퓨릿,KOSDAQ,화학,6350,340,5.66,106484343800
151910,퓨처코어,KOSDAQ,전기·전자,640,0,0.00,121645902080
220100,퓨쳐켐,KOSDAQ,제약,24900,2200,9.69,550343659500
035200,프럼파스트,KOSDAQ,화학,5400,250,4.85,52545186000
334970,프레스티지바이오로직스,KOSDAQ,제약,4250,0,0.00,329024957250
321260,프로이천,KOSDAQ,전기·전자,2315,115,5.23,65264674460
053610,프로텍,KOSDAQ,기계·장비,24250,750,3.19,266750000000
303360,프로티아,KOSDAQ,의료·정밀기기,3330,5,0.15,42881125950
377220,프롬바이오,KOSDAQ,음식료·담배,1900,0,0.00,53789000000
335810,프리시젼바이오,KOSDAQ,의료·정밀기기,2720,-10,-0.37,31591510720
053160,프리엠스,KOSDAQ,전기·전자,11740,270,2.35,70440000000
405000,플라즈맵,KOSDAQ,의료·정밀기기,710,-73,-9.32,18514559240
041590,플래스크,KOSDAQ,건설,789,0,0.00,115917098775
367000,플래티어,KOSDAQ,IT 서비스,4070,-25,-0.61,34140002490
075130,플랜티넷,KOSDAQ,IT 서비스,2460,90,3.80,40890907200
237820,플레이디,KOSDAQ,일반서비스,5810,-30,-0.51,74525683400
023770,플레이위드,KOSDAQ,IT 서비스,3890,85,2.23,34102929800
019570,플루토스,KOSDAQ,금융,260,-7,-2.62,16980610920
300080,플리토,KOSDAQ,IT 서비스,21300,2430,12.88,117188702100
033790,피노,KOSDAQ,IT 서비스,5960,-70,-1.16,136023888000
032580,피델릭스,KOSDAQ,전기·전자,1314,28,2.18,43535532096
051380,피씨디렉트,KOSDAQ,유통,2795,-95,-3.29,42875501240
241820,피씨엘,KOSDAQ,제약,321,2,0.63,18994201407
452450,피아이이,KOSDAQ,기계·장비,11470,100,0.88,410924220000
237750,피앤씨테크,KOSDAQ,전기·전자,3870,20,0.52,25141842000
460940,피앤에스미캐닉스,KOSDAQ,의료·정밀기기,14270,580,4.24,92351729800
319660,피에스케이,KOSDAQ,기계·장비,19210,870,4.74,556450575940
031980,피에스케이홀딩스,KOSDAQ,기계·장비,40200,1100,2.81,866808279000
002230,피에스텍,KOSDAQ,의료·정밀기기,3865,-35,-0.90,74867651145
043370,피에이치에이,KOSDAQ,운송장비·부품,10740,90,0.85,225540000000
239890,피엔에이치테크,KOSDAQ,화학,6720,50,0.75,66768273600
347740,피엔케이피부임상연구센타,KOSDAQ,일반서비스,2240,35,1.59,67223690240
137400,피엔티,KOSDAQ,기계·장비,43700,1050,2.46,1037572858200
257370,피엔티엠에스,KOSDAQ,기계·장비,3275,-20,-0.61,40953419775
147760,피엠티,KOSDAQ,의료·정밀기기,2725,25,0.93,29484134850
128660,피제이메탈,KOSDAQ,금속,3185,15,0.47,78998730265
006140,피제이전자,KOSDAQ,의료·정밀기기,5980,10,0.17,89700000000
376180,피코그램,KOSDAQ,기타제조,2330,40,1.75,43084910740
304840,피플바이오,KOSDAQ,제약,2800,15,0.54,59439270800
087600,픽셀플러스,KOSDAQ,전기·전자,6960,70,1.02,56839243680
291810,핀텔,KOSDAQ,IT 서비스,2185,155,7.64,24816600720
378340,필에너지,KOSDAQ,기계·장비,18310,3110,20.46,389744499420
161580,필옵틱스,KOSDAQ,기계·장비,44150,150,0.34,1008835447000
347770,핌스,KOSDAQ,전기·전자,1516,6,0.40,34651275672
163730,핑거,KOSDAQ,IT 서비스,8990,280,3.21,84196815920
417180,핑거스토리,KOSDAQ,IT 서비스,2270,10,0.44,38172794430
446750,하나26호스팩,KOSDAQ,금융,2080,5,0.24,12542400000
448370,하나27호스팩,KOSDAQ,금융,2075,-5,-0.24,11661500000
454750,하나28호스팩,KOSDAQ,금융,2020,0,0.00,14548040000
454640,하나29호스팩,KOSDAQ,금융,2075,5,0.24,11207075000
469880,하나30호스팩,KOSDAQ,금융,1998,-2,-0.10,14595390000
469900,하나31호스팩,KOSDAQ,금융,2020,0,0.00,11322100000
475240,하나32호스팩,KOSDAQ,금융,2135,-5,-0.23,6832000000
475250,하나33호스팩,KOSDAQ,금융,2085,-20,-0.95,7714500000
484130,하나34호스팩,KOSDAQ,금융,2030,5,0.25,9175600000
435620,하나금융25호스팩,KOSDAQ,금융,10560,10,0.09,45429120000
299030,하나기술,KOSDAQ,기계·장비,22550,50,0.22,180285220500
067310,하나마이크론,KOSDAQ,전기·전자,11570,640,5.86,766766449930
166090,하나머티리얼즈,KOSDAQ,전기·전자,35150,2200,6.68,695185241100
136480,하림,KOSDAQ,음식료·담배,3070,5,0.16,326063785140
003380,하림지주,KOSDAQ,금융,5200,50,0.97,582429229200
450330,하스,KOSDAQ,제약,8860,-40,-0.45,69427039740
101670,하이드로리튬,KOSDAQ,금속,1694,-1,-0.06,91763929180
365590,하이딥,KOSDAQ,전기·전자,626,8,1.29,90424015434
149980,하이로닉,KOSDAQ,의료·정밀기기,6110,150,2.52,113611557930
013030,하이록코리아,KOSDAQ,금속,29950,850,2.92,368248487900
126700,하이비젼시스템,KOSDAQ,의료·정밀기기,17350,340,2.00,259245643200
450050,하이제8호스팩,KOSDAQ,금융,2080,-10,-0.48,10429120000
160190,하이젠알앤엠,KOSDAQ,전기·전자,37500,3200,9.33,1158300000000
221840,하이즈항공,KOSDAQ,운송장비·부품,1440,29,2.06,26928807840
106190,하이텍팜,KOSDAQ,제약,15730,-170,-1.07,167259811290
065650,하이퍼코퍼레이션,KOSDAQ,유통,319,0,0.00,34031472189
066130,하츠,KOSDAQ,전기·전자,5480,60,1.11,70144000000
004590,한국가구,KOSDAQ,유통,4275,-15,-0.35,64125000000
039340,한국경제TV,KOSDAQ,오락·문화,6000,-30,-0.50,138000000000
034950,한국기업평가,KOSDAQ,일반서비스,89600,-1300,-1.43,406830054400
222980,한국맥널티,KOSDAQ,음식료·담배,4065,-55,-1.33,44842978395
256840,한국비엔씨,KOSDAQ,제약,4050,50,1.25,276999288300
219750,한국비티비,KOSDAQ,의료·정밀기기,967,0,0.00,63267797795
025550,한국선재,KOSDAQ,금속,3550,20,0.57,90574714200
017890,한국알콜,KOSDAQ,화학,8910,60,0.68,192507321600
080720,한국유니온제약,KOSDAQ,제약,2725,0,0.00,21562456300
063570,한국전자금융,KOSDAQ,일반서비스,5190,-10,-0.19,177226708320
041460,한국전자인증,KOSDAQ,IT 서비스,3335,35,1.06,63365000000
101680,한국정밀기계,KOSDAQ,기계·장비,2935,65,2.26,24665740000
039740,한국정보공학,KOSDAQ,유통,2700,-60,-2.17,21649671900
053300,한국정보인증,KOSDAQ,IT 서비스,4490,55,1.24,190561710890
025770,한국정보통신,KOSDAQ,통신,7710,40,0.52,288695329410
458610,한국제12호스팩,KOSDAQ,금융,2130,-10,-0.47,9009900000
464440,한국제13호스팩,KOSDAQ,금융,2125,5,0.24,9180000000
477530,한국제14호스팩,KOSDAQ,금융,2690,5,0.19,12938900000
479880,한국제15호스팩,KOSDAQ,금융,2025,0,0.00,13911750000
062970,한국첨단소재,KOSDAQ,전기·전자,6270,-120,-1.88,123749848860
023760,한국캐피탈,KOSDAQ,금융,551,-5,-0.90,173900876376
054040,한국컴퓨터,KOSDAQ,전기·전자,4635,10,0.22,74490429150
021650,한국큐빅,KOSDAQ,화학,2260,0,0.00,36952272380
032300,한국파마,KOSDAQ,제약,15490,170,1.11,168944798490
037230,한국팩키지,KOSDAQ,종이·목재,1676,0,0.00,49945348052
030520,한글과컴퓨터,KOSDAQ,IT 서비스,20250,280,1.40,489639816000
052600,한네트,KOSDAQ,통신,4125,20,0.49,47700262500
256150,한독크린텍,KOSDAQ,기계·장비,6150,-80,-1.28,51629250000
092460,한라IMS,KOSDAQ,운송장비·부품,9130,160,1.78,156211378400
452190,한빛레이저,KOSDAQ,기계·장비,7150,320,4.69,165613712550
047080,한빛소프트,KOSDAQ,IT 서비스,1387,-3,-0.22,34428616094
452280,한선엔지니어링,KOSDAQ,금속,7950,200,2.58,136993207500
066980,한성크린텍,KOSDAQ,일반서비스,1220,-36,-2.87,63360852500
114810,한솔아이원스,KOSDAQ,기계·장비,8240,810,10.90,239892553760
070590,한솔인티큐브,KOSDAQ,IT 서비스,1136,-3,-0.26,15767135856
226440,한송네오텍,KOSDAQ,기계·장비,1530,0,0.00,100580954580
042520,한스바이오메드,KOSDAQ,제약,7390,-170,-2.25,99959852130
430690,한싹,KOSDAQ,IT 서비스,5170,-140,-2.64,56328840590
078350,한양디지텍,KOSDAQ,전기·전자,11190,860,8.33,170584634580
045100,한양이엔지,KOSDAQ,일반서비스,16800,10,0.06,302400000000
214870,한울BnC,KOSDAQ,유통,6920,0,0.00,64765809320
320000,한울반도체,KOSDAQ,기계·장비,2410,10,0.42,67397161070
091440,한울소재과학,KOSDAQ,전기·전자,4590,170,3.85,111290287500
024740,한일단조,KOSDAQ,운송장비·부품,2330,5,0.22,76650124170
005860,한일사료,KOSDAQ,음식료·담배,3790,-45,-1.17,149339966150
007770,한일화학,KOSDAQ,화학,10630,120,1.14,37311300000
198940,한주라이트메탈,KOSDAQ,금속,675,0,0.00,26273010150
058450,한주에이알티,KOSDAQ,화학,1574,-44,-2.72,23285159454
107640,한중엔시에스,KOSDAQ,전기·전자,24700,1550,6.70,223731266200
079170,한창산업,KOSDAQ,금속,6950,10,0.14,36140000000
054920,한컴위드,KOSDAQ,IT 서비스,2825,35,1.25,79713253825
457370,한켐,KOSDAQ,화학,9400,90,0.97,75455059600
002680,한탑,KOSDAQ,음식료·담배,799,7,0.88,25821122401
455310,한화플러스제4호스팩,KOSDAQ,금융,2010,0,0.00,10170600000
034810,해성산업,KOSDAQ,금융,6470,10,0.15,210642864790
03481K,해성산업1우,KOSDAQ,금융,7010,-120,-1.68,9736343220
059270,해성에어로보틱스,KOSDAQ,금속,6680,0,0.00,74420537320
076610,해성옵틱스,KOSDAQ,의료·정밀기기,835,-2,-0.24,21253420330
220180,핸디소프트,KOSDAQ,IT 서비스,2105,-5,-0.24,40853840000
900270,헝셩그룹,KOSDAQ,금융,252,5,2.02,38375148672
214180,헥토이노베이션,KOSDAQ,IT 서비스,12470,60,0.48,163663924110
234340,헥토파이낸셜,KOSDAQ,IT 서비스,14080,80,0.57,133098240000
084990,헬릭스미스,KOSDAQ,일반서비스,2280,-20,-0.87,105091577160
187660,현대ADM,KOSDAQ,일반서비스,1793,-20,-1.10,77079597947
170030,현대공업,KOSDAQ,운송장비·부품,5770,30,0.52,88511800000
319400,현대무벡스,KOSDAQ,기계·장비,3535,10,0.28,416585260035
048410,현대바이오,KOSDAQ,화학,11800,130,1.11,566654974400
052260,현대바이오랜드,KOSDAQ,화학,4610,5,0.11,138300000000
016790,현대사료,KOSDAQ,음식료·담배,994,0,0.00,187340898626
041440,현대에버다임,KOSDAQ,기계·장비,9210,0,0.00,165005844240
039010,현대에이치티,KOSDAQ,전기·전자,6380,50,0.79,55027500000
090850,현대이지웰,KOSDAQ,IT 서비스,5160,60,1.18,122531222760
460930,현대힘스,KOSDAQ,운송장비·부품,16200,-110,-0.67,573354790200
092300,현우산업,KOSDAQ,전기·전자,2900,0,0.00,54151166400
138360,협진,KOSDAQ,기계·장비,566,-7,-1.22,27365108368
011080,형지I&C,KOSDAQ,섬유·의류,1220,172,16.41,38133956020
060560,홈센타홀딩스,KOSDAQ,유통,810,7,0.87,103412315250
064240,홈캐스트,KOSDAQ,유통,1950,61,3.23,68324123400
039610,화성밸브,KOSDAQ,기계·장비,11000,430,4.07,114514400000
126640,화신정공,KOSDAQ,운송장비·부품,1380,12,0.88,50195964060
127980,화인써키트,KOSDAQ,전기·전자,6050,30,0.50,71636138200
061250,화일약품,KOSDAQ,제약,1107,20,1.84,91742240871
097870,효성오앤비,KOSDAQ,화학,6260,0,0.00,53147400000
290270,휴네시온,KOSDAQ,IT 서비스,3460,20,0.58,33242545120
353190,휴럼,KOSDAQ,음식료·담배,693,-5,-0.72,27289245060
090710,휴림로봇,KOSDAQ,기계·장비,2180,95,4.56,240318388740
078590,휴림에이텍,KOSDAQ,운송장비·부품,629,15,2.44,35356302602
205470,휴마시스,KOSDAQ,제약,1600,27,1.72,207000014400
115160,휴맥스,KOSDAQ,전기·전자,1143,7,0.62,50257851732
028080,휴맥스홀딩스,KOSDAQ,IT 서비스,2240,5,0.22,28173613440
175140,휴먼테크놀로지,KOSDAQ,전기·전자,5490,20,0.37,118118953080
200670,휴메딕스,KOSDAQ,제약,39200,50,0.13,440213256000
065510,휴비츠,KOSDAQ,의료·정밀기기,8270,220,2.73,100557998170
215090,휴센텍,KOSDAQ,의료·정밀기기,1505,0,0.00,149972154360
263920,휴엠앤씨,KOSDAQ,기타제조,987,0,0.00,48407547258
243070,휴온스,KOSDAQ,제약,26600,400,1.53,318659089000
084110,휴온스글로벌,KOSDAQ,제약,43500,-650,-1.47,549701670000
145020,휴젤,KOSDAQ,제약,330000,-500,-0.15,4159330890000
024060,흥구석유,KOSDAQ,유통,11140,50,0.45,167100000000
010240,흥국,KOSDAQ,기계·장비,5410,10,0.19,66665785360
189980,흥국에프엔비,KOSDAQ,음식료·담배,1741,25,1.46,69879956807
037440,희림,KOSDAQ,일반서비스,5320,0,0.00,74067567000
238490,힘스,KOSDAQ,기계·장비,3705,85,2.35,41911834380